regionno,regionname,year,gdpcap,secagriculture,secenergy,secindustry,secconstruction,secservicesventa,secservicesnonventa,schoolillit,schoolprim,schoolmed,schoolhigh,schoolposthigh,popdens,invest,panel_id,school_illit_share,school_prim_share,school_med_share,school_high_share,school_posthigh_share
2.0,Andalucia,1955.0,1.6887317895889282,,,,,,,,,,,,,,1.0,,,,,
2.0,Andalucia,1956.0,1.7584974765777588,,,,,,,,,,,,,,1.0,,,,,
2.0,Andalucia,1957.0,1.8276207447052002,,,,,,,,,,,,,,1.0,,,,,
2.0,Andalucia,1958.0,1.8527562618255615,,,,,,,,,,,,,,1.0,,,,,
2.0,Andalucia,1959.0,1.8780348300933838,,,,,,,,,,,,,,1.0,,,,,
2.0,Andalucia,1960.0,2.0101399421691895,,,,,,,,,,,,,,1.0,,,,,
2.0,Andalucia,1961.0,2.1291775703430176,27.7199993133545,2.77999997138977,18.4500007629395,6.96999979019165,36.6300010681152,7.44999980926514,,,,,,,,1.0,,,,,
2.0,Andalucia,1962.0,2.280348539352417,,,,,,,,,,,,,,1.0,,,,,
2.0,Andalucia,1963.0,2.4310197830200195,27.1299991607666,2.54999995231628,18.1000003814697,7.73000001907349,37.6699981689453,6.82000017166138,,,,,,,,1.0,,,,,
2.0,Andalucia,1964.0,2.508854627609253,,,,,,,924.403015136719,3028.12719726562,129.512100219727,48.9593620300293,24.9379730224609,,17.4014949798584,1.0,22.242937088012695,72.86264038085938,3.1163134574890137,1.1780576705932617,0.6000562310218811
2.0,Andalucia,1965.0,2.5846900939941406,24.5200004577637,2.65000009536743,18.1800003051758,8.55000019073486,38.3199996948242,7.78000020980835,899.348999023438,3036.81640625,136.179748535156,51.7772178649902,25.7527732849121,,18.3089637756348,1.0,21.67171287536621,73.17850494384766,3.281538486480713,1.2476813793182373,0.6205674409866333
2.0,Andalucia,1966.0,2.694444417953491,,,,,,,874.787658691406,3049.4423828125,143.5947265625,54.983226776123,26.6312026977539,,18.4299926757812,1.0,21.08207130432129,73.49047088623047,3.4605817794799805,1.3250762224197388,0.6418024897575378
2.0,Andalucia,1967.0,2.802342176437378,21.8700008392334,2.65000009536743,18.2199993133545,8.53999996185303,39.0800018310547,9.64999961853027,850.710571289062,3072.63598632812,152.235733032227,58.6103782653809,27.6725540161133,,19.1156578063965,1.0,20.440608978271484,73.82833862304688,3.6578726768493652,1.4082719087600708,0.6649075150489807
2.0,Andalucia,1968.0,2.987360715866089,,,,,,,827.109252929688,3086.955078125,174.595489501953,62.4910278320312,28.2954711914062,,20.6084861755371,1.0,19.78992462158203,73.86038208007812,4.177478790283203,1.4951987266540527,0.6770148277282715
2.0,Andalucia,1969.0,3.179091691970825,19.7299995422363,3.24000000953674,18.4300003051758,8.85999965667725,39.2299995422363,10.5200004577637,803.975463867188,3100.572265625,197.274108886719,66.7777633666992,30.3835697174072,68.5100021362305,22.0555896759033,1.0,19.146907806396484,73.84101867675781,4.698139667510986,1.5903316736221313,0.7235934734344482
2.0,Andalucia,1970.0,3.3543272018432617,,,,,,,,,,,,,23.3137626647949,1.0,,,,,
2.0,Andalucia,1971.0,3.5229220390319824,,,,,,,,,,,,,22.3175086975098,1.0,,,,,
2.0,Andalucia,1972.0,3.7562127113342285,,,,,,,,,,,,,22.1272926330566,1.0,,,,,
2.0,Andalucia,1973.0,3.987717866897583,,,,,,,,,,,,,21.8019485473633,1.0,,,,,
2.0,Andalucia,1974.0,4.051842212677002,,,,,,,,,,,,,23.6468963623047,1.0,,,,,
2.0,Andalucia,1975.0,4.112182140350342,,,,,,,,,,,,,22.7574157714844,1.0,,,,,
2.0,Andalucia,1976.0,4.2217936515808105,,,,,,,,,,,,,21.5302619934082,1.0,,,,,
2.0,Andalucia,1977.0,4.331690788269043,,,,,,,,,,,,,18.8983554840088,1.0,,,,,
2.0,Andalucia,1978.0,4.305198669433594,,,,,,,,,,,,,19.8129272460938,1.0,,,,,
2.0,Andalucia,1979.0,4.226935386657715,,,,,,,,,,,,,19.6916809082031,1.0,,,,,
2.0,Andalucia,1980.0,4.211511135101318,,,,,,,,,,,,,20.9232215881348,1.0,,,,,
2.0,Andalucia,1981.0,4.20701265335083,,,,,,,,,,,,,21.8307266235352,1.0,,,,,
2.0,Andalucia,1982.0,4.2490715980529785,,,,,,,,,,,,,22.1853771209717,1.0,,,,,
2.0,Andalucia,1983.0,4.291630744934082,,,,,,,,,,,,,21.1268634796143,1.0,,,,,
2.0,Andalucia,1984.0,4.358683109283447,,,,,,,,,,,,,19.9248065948486,1.0,,,,,
2.0,Andalucia,1985.0,4.4265923500061035,,,,,,,,,,,,,20.382495880127,1.0,,,,,
2.0,Andalucia,1986.0,4.663239002227783,,,,,,,,,,,,,19.3726501464844,1.0,,,,,
2.0,Andalucia,1987.0,4.900671005249023,,,,,,,,,,,,,20.4932041168213,1.0,,,,,
2.0,Andalucia,1988.0,5.159597396850586,,,,,,,,,,,,,23.3585662841797,1.0,,,,,
2.0,Andalucia,1989.0,5.41773796081543,,,,,,,,,,,,,25.7622928619385,1.0,,,,,
2.0,Andalucia,1990.0,5.585261344909668,,,,,,,,,,,,,28.3183250427246,1.0,,,,,
2.0,Andalucia,1991.0,5.7492146492004395,,,,,,,,,,,,,26.49245262146,1.0,,,,,
2.0,Andalucia,1992.0,5.641245365142822,,,,,,,,,,,,,24.3187294006348,1.0,,,,,
2.0,Andalucia,1993.0,5.534918308258057,,,,,,,,,,,,,21.1836738586426,1.0,,,,,
2.0,Andalucia,1994.0,5.638817310333252,,,,,,,,,,,,,20.2683906555176,1.0,,,,,
2.0,Andalucia,1995.0,5.720722675323486,,,,,,,,,,,,,22.1725749969482,1.0,,,,,
2.0,Andalucia,1996.0,5.995929718017578,,,,,,,,,,,,,,1.0,,,,,
2.0,Andalucia,1997.0,6.300985336303711,,,,,,,,,,,,,,1.0,,,,,
3.0,Aragon,1955.0,2.2887744903564453,,,,,,,,,,,,,,2.0,,,,,
3.0,Aragon,1956.0,2.4451587200164795,,,,,,,,,,,,,,2.0,,,,,
3.0,Aragon,1957.0,2.6033990383148193,,,,,,,,,,,,,,2.0,,,,,
3.0,Aragon,1958.0,2.6390316486358643,,,,,,,,,,,,,,2.0,,,,,
3.0,Aragon,1959.0,2.6770923137664795,,,,,,,,,,,,,,2.0,,,,,
3.0,Aragon,1960.0,2.881462335586548,,,,,,,,,,,,,,2.0,,,,,
3.0,Aragon,1961.0,3.0995428562164307,25.0699996948242,6.90999984741211,21.6599998474121,6.80000019073486,32.8499984741211,6.71000003814697,,,,,,,,2.0,,,,,
3.0,Aragon,1962.0,3.3591830730438232,,,,,,,,,,,,,,2.0,,,,,
3.0,Aragon,1963.0,3.6141817569732666,25.3400001525879,6.07999992370605,21.7299995422363,7.53000020980835,33.3499984741211,5.96000003814697,,,,,,,,2.0,,,,,
3.0,Aragon,1964.0,3.680091381072998,,,,,,,77.6694641113281,722.28515625,36.2118072509766,14.2490568161011,8.3411340713501,,21.2724781036377,2.0,9.04440975189209,84.1082534790039,4.216772079467773,1.6592661142349243,0.9713036417961121
3.0,Aragon,1965.0,3.7452869415283203,21.0200004577637,6.26999998092651,23.6000003814697,8.28999996185303,34.2299995422363,6.59999990463257,75.8038024902344,723.77685546875,38.2993583679199,14.8717565536499,8.45247268676758,,22.7678966522217,2.0,8.802070617675781,84.04241943359375,4.447186470031738,1.726855993270874,0.9814713597297668
3.0,Aragon,1966.0,3.883319139480591,,,,,,,73.9733581542969,726.22314453125,40.6244239807129,15.5857191085815,8.57572555541992,,21.4764251708984,2.0,8.552007675170898,83.95814514160156,4.696560859680176,1.8018540143966675,0.9914335608482361
3.0,Aragon,1967.0,4.016138076782227,18.4799995422363,6.07999992370605,23.3799991607666,8.43000030517578,35.7099990844727,7.92999982833862,72.1775436401367,730.974853515625,43.3277626037598,16.3962135314941,8.74120998382568,,19.729175567627,2.0,8.28087329864502,83.86417388916016,4.9709601402282715,1.88112473487854,1.0028722286224365
3.0,Aragon,1968.0,4.243644714355469,,,,,,,70.4157562255859,733.101989746094,49.993724822998,17.2527370452881,8.76598262786865,,20.5848808288574,2.0,8.006064414978027,83.3515396118164,5.684139728546143,1.961585521697998,0.996666431427002
3.0,Aragon,1969.0,4.476221084594727,18.7199993133545,6.05000019073486,23.5300006866455,8.10999965667725,35.310001373291,8.27999973297119,68.6874313354492,735.111572265625,56.8352546691895,18.1945724487305,9.22996997833252,24.0400009155273,23.6340599060059,2.0,7.734559059143066,82.77735900878906,6.399942874908447,2.048802614212036,1.0393422842025757
3.0,Aragon,1970.0,4.596258163452148,,,,,,,,,,,,,24.9269580841064,2.0,,,,,
3.0,Aragon,1971.0,4.723721981048584,,,,,,,,,,,,,22.1613140106201,2.0,,,,,
3.0,Aragon,1972.0,5.001285552978516,,,,,,,,,,,,,21.9001197814941,2.0,,,,,
3.0,Aragon,1973.0,5.2834906578063965,,,,,,,,,,,,,22.707145690918,2.0,,,,,
3.0,Aragon,1974.0,5.442373752593994,,,,,,,,,,,,,25.394905090332,2.0,,,,,
3.0,Aragon,1975.0,5.600971221923828,,,,,,,,,,,,,25.4223594665527,2.0,,,,,
3.0,Aragon,1976.0,5.736575126647949,,,,,,,,,,,,,26.0618801116943,2.0,,,,,
3.0,Aragon,1977.0,5.866395473480225,,,,,,,,,,,,,22.859992980957,2.0,,,,,
3.0,Aragon,1978.0,5.925021171569824,,,,,,,,,,,,,21.286657333374,2.0,,,,,
3.0,Aragon,1979.0,5.952799320220947,,,,,,,,,,,,,20.492244720459,2.0,,,,,
3.0,Aragon,1980.0,5.974721431732178,,,,,,,,,,,,,20.7298030853271,2.0,,,,,
3.0,Aragon,1981.0,6.011139392852783,,,,,,,,,,,,,20.8206253051758,2.0,,,,,
3.0,Aragon,1982.0,6.133605003356934,,,,,,,,,,,,,26.4890670776367,2.0,,,,,
3.0,Aragon,1983.0,6.260854244232178,,,,,,,,,,,,,17.5623760223389,2.0,,,,,
3.0,Aragon,1984.0,6.372893810272217,,,,,,,,,,,,,18.1013278961182,2.0,,,,,
3.0,Aragon,1985.0,6.495501518249512,,,,,,,,,,,,,19.533239364624,2.0,,,,,
3.0,Aragon,1986.0,6.926520824432373,,,,,,,,,,,,,18.3258762359619,2.0,,,,,
3.0,Aragon,1987.0,7.358612060546875,,,,,,,,,,,,,19.5995044708252,2.0,,,,,
3.0,Aragon,1988.0,7.802770137786865,,,,,,,,,,,,,20.0823040008545,2.0,,,,,
3.0,Aragon,1989.0,8.242645263671875,,,,,,,,,,,,,22.157751083374,2.0,,,,,
3.0,Aragon,1990.0,8.458297729492188,,,,,,,,,,,,,22.2104244232178,2.0,,,,,
3.0,Aragon,1991.0,8.668237686157227,,,,,,,,,,,,,22.0179557800293,2.0,,,,,
3.0,Aragon,1992.0,8.466866493225098,,,,,,,,,,,,,22.8654041290283,2.0,,,,,
3.0,Aragon,1993.0,8.256926536560059,,,,,,,,,,,,,21.5592422485352,2.0,,,,,
3.0,Aragon,1994.0,8.573978424072266,,,,,,,,,,,,,21.9211864471436,2.0,,,,,
3.0,Aragon,1995.0,8.846757888793945,,,,,,,,,,,,,20.6667442321777,2.0,,,,,
3.0,Aragon,1996.0,9.096686363220215,,,,,,,,,,,,,,2.0,,,,,
3.0,Aragon,1997.0,9.518709182739258,,,,,,,,,,,,,,2.0,,,,,
5.0,Baleares (Islas),1955.0,3.143958806991577,,,,,,,,,,,,,,3.0,,,,,
5.0,Baleares (Islas),1956.0,3.3477578163146973,,,,,,,,,,,,,,3.0,,,,,
5.0,Baleares (Islas),1957.0,3.549628734588623,,,,,,,,,,,,,,3.0,,,,,
5.0,Baleares (Islas),1958.0,3.6426734924316406,,,,,,,,,,,,,,3.0,,,,,
5.0,Baleares (Islas),1959.0,3.7348616123199463,,,,,,,,,,,,,,3.0,,,,,
5.0,Baleares (Islas),1960.0,4.058840274810791,,,,,,,,,,,,,,3.0,,,,,
5.0,Baleares (Islas),1961.0,4.360254287719727,16.3400001525879,2.14000010490417,22.1599998474121,7.05999994277954,45.3800010681152,6.92999982833862,,,,,,,,3.0,,,,,
5.0,Baleares (Islas),1962.0,4.646172523498535,,,,,,,,,,,,,,3.0,,,,,
5.0,Baleares (Islas),1963.0,4.911525249481201,15.8000001907349,1.94000005722046,20.0900001525879,8.14999961853027,48.2900009155273,5.73000001907349,,,,,,,,3.0,,,,,
5.0,Baleares (Islas),1964.0,5.050699710845947,,,,,,,48.0786170959473,294.38134765625,14.7882413864136,5.30359840393066,3.35199999809265,,14.1790342330933,3.0,13.139687538146973,80.45320892333984,4.041565418243408,1.4494515657424927,0.9160877466201782
5.0,Baleares (Islas),1965.0,5.184661388397217,12.5100002288818,2.14000010490417,18.7900009155273,8.88000011444092,52.0999984741211,5.57999992370605,48.0171203613281,296.678833007812,16.258171081543,5.51208782196045,3.46646857261658,,19.0025005340576,3.0,12.979961395263672,80.19805908203125,4.394899845123291,1.4900245666503906,0.937053918838501
5.0,Baleares (Islas),1966.0,5.466795444488525,,,,,,,47.9492034912109,299.291717529297,17.9040660858154,5.75198602676392,3.58977746963501,,26.2534103393555,3.0,12.80397891998291,79.9205093383789,4.780961036682129,1.535965085029602,0.9585859775543213
5.0,Baleares (Islas),1967.0,5.737646579742432,11.0100002288818,2.11999988555908,16.5300006866455,8.60000038146973,54.7799987792969,6.96000003814697,47.8750381469727,302.806091308594,19.802547454834,6.02474308013916,3.7353618144989,,29.701530456543,3.0,12.590617179870605,79.63472747802734,5.207855701446533,1.5844422578811646,0.982359766960144
5.0,Baleares (Islas),1968.0,6.161453723907471,,,,,,,47.7947998046875,304.936309814453,23.6700248718262,6.31135892868042,3.82472586631775,,30.7616958618164,3.0,12.364863395690918,78.88924407958984,6.123608112335205,1.6327946186065674,0.9894844889640808
5.0,Baleares (Islas),1969.0,6.581691265106201,9.98999977111816,2.03999996185303,13.7200002670288,8.77999973297119,58.2099990844727,7.26999998092651,47.7086563110352,306.787414550781,27.8481731414795,6.62585115432739,4.11259126663208,104.169998168945,26.7520999908447,3.0,12.137054443359375,78.04653930664062,7.084558963775635,1.685612678527832,1.0462408065795898
5.0,Baleares (Islas),1970.0,6.887032508850098,,,,,,,,,,,,,26.4437465667725,3.0,,,,,
5.0,Baleares (Islas),1971.0,7.168666362762451,,,,,,,,,,,,,23.7412166595459,3.0,,,,,
5.0,Baleares (Islas),1972.0,7.5706939697265625,,,,,,,,,,,,,23.8075218200684,3.0,,,,,
5.0,Baleares (Islas),1973.0,7.956297874450684,,,,,,,,,,,,,23.1038875579834,3.0,,,,,
5.0,Baleares (Islas),1974.0,7.972722053527832,,,,,,,,,,,,,23.3105583190918,3.0,,,,,
5.0,Baleares (Islas),1975.0,7.974149703979492,,,,,,,,,,,,,22.3685703277588,3.0,,,,,
5.0,Baleares (Islas),1976.0,8.034847259521484,,,,,,,,,,,,,19.8859233856201,3.0,,,,,
5.0,Baleares (Islas),1977.0,8.080548286437988,,,,,,,,,,,,,18.0879421234131,3.0,,,,,
5.0,Baleares (Islas),1978.0,8.041987419128418,,,,,,,,,,,,,17.650239944458,3.0,,,,,
5.0,Baleares (Islas),1979.0,8.00485610961914,,,,,,,,,,,,,17.8388481140137,3.0,,,,,
5.0,Baleares (Islas),1980.0,8.259782791137695,,,,,,,,,,,,,18.2605838775635,3.0,,,,,
5.0,Baleares (Islas),1981.0,8.531133651733398,,,,,,,,,,,,,14.8526191711426,3.0,,,,,
5.0,Baleares (Islas),1982.0,8.72250747680664,,,,,,,,,,,,,13.5585250854492,3.0,,,,,
5.0,Baleares (Islas),1983.0,8.925307273864746,,,,,,,,,,,,,11.6211080551147,3.0,,,,,
5.0,Baleares (Islas),1984.0,9.275920867919922,,,,,,,,,,,,,10.1354694366455,3.0,,,,,
5.0,Baleares (Islas),1985.0,9.652241706848145,,,,,,,,,,,,,11.3290481567383,3.0,,,,,
5.0,Baleares (Islas),1986.0,10.257783889770508,,,,,,,,,,,,,16.519567489624,3.0,,,,,
5.0,Baleares (Islas),1987.0,10.823335647583008,,,,,,,,,,,,,21.2754974365234,3.0,,,,,
5.0,Baleares (Islas),1988.0,11.120394706726074,,,,,,,,,,,,,25.1139583587646,3.0,,,,,
5.0,Baleares (Islas),1989.0,11.40816879272461,,,,,,,,,,,,,24.8808898925781,3.0,,,,,
5.0,Baleares (Islas),1990.0,11.51242446899414,,,,,,,,,,,,,23.360876083374,3.0,,,,,
5.0,Baleares (Islas),1991.0,11.679519653320312,,,,,,,,,,,,,20.8074073791504,3.0,,,,,
5.0,Baleares (Islas),1992.0,11.319622993469238,,,,,,,,,,,,,18.028039932251,3.0,,,,,
5.0,Baleares (Islas),1993.0,10.969722747802734,,,,,,,,,,,,,14.9990978240967,3.0,,,,,
5.0,Baleares (Islas),1994.0,11.419593811035156,,,,,,,,,,,,,17.0898628234863,3.0,,,,,
5.0,Baleares (Islas),1995.0,11.773778915405273,,,,,,,,,,,,,17.896915435791,3.0,,,,,
5.0,Baleares (Islas),1996.0,11.926591873168945,,,,,,,,,,,,,,3.0,,,,,
5.0,Baleares (Islas),1997.0,12.350043296813965,,,,,,,,,,,,,,3.0,,,,,
17.0,Basque Country (Pais Vasco),1955.0,3.853184700012207,,,,,,,,,,,,,,4.0,,,,,
17.0,Basque Country (Pais Vasco),1956.0,3.9456582069396973,,,,,,,,,,,,,,4.0,,,,,
17.0,Basque Country (Pais Vasco),1957.0,4.033561706542969,,,,,,,,,,,,,,4.0,,,,,
17.0,Basque Country (Pais Vasco),1958.0,4.023421764373779,,,,,,,,,,,,,,4.0,,,,,
17.0,Basque Country (Pais Vasco),1959.0,4.013782024383545,,,,,,,,,,,,,,4.0,,,,,
17.0,Basque Country (Pais Vasco),1960.0,4.285918235778809,,,,,,,,,,,,,,4.0,,,,,
17.0,Basque Country (Pais Vasco),1961.0,4.574336051940918,7.96000003814697,4.73000001907349,44.2599983215332,5.53000020980835,33.5900001525879,3.94000005722046,,,,,,,,4.0,,,,,
17.0,Basque Country (Pais Vasco),1962.0,4.898957252502441,,,,,,,,,,,,,,4.0,,,,,
17.0,Basque Country (Pais Vasco),1963.0,5.197014808654785,8.10999965667725,4.25,44.4300003051758,5.92000007629395,33.8699989318848,3.4300000667572,,,,,,,,4.0,,,,,
17.0,Basque Country (Pais Vasco),1964.0,5.338902950286865,,,,,,,36.3632392883301,969.140014648438,67.9733352661133,21.6917819976807,12.2613000869751,,23.8191528320312,4.0,3.2835710048675537,87.51255798339844,6.137937068939209,1.9587502479553223,1.1071854829788208
17.0,Basque Country (Pais Vasco),1965.0,5.465153217315674,6.73000001907349,4.05000019073486,46.2200012207031,6.36999988555908,33.0,3.64000010490417,37.8310432434082,992.827880859375,74.1777114868164,23.062183380127,12.6866369247437,,25.4604396820068,4.0,3.3168091773986816,87.04546356201172,6.503477096557617,2.0219602584838867,1.112291693687439
17.0,Basque Country (Pais Vasco),1966.0,5.545915603637695,,,,,,,39.2548980712891,1018.14312744141,81.1203002929688,24.6179656982422,13.1446952819824,,25.0173454284668,4.0,3.3372042179107666,86.55611419677734,6.896337032318115,2.0928642749786377,1.1174792051315308
17.0,Basque Country (Pais Vasco),1967.0,5.614895820617676,5.8899998664856,3.75,45.1100006103516,6.48000001907349,34.2200012207031,4.55000019073486,40.6356964111328,1046.98718261719,89.1361541748047,26.3764228820801,13.684739112854,,23.4360332489014,4.0,3.33949875831604,86.04288482666016,7.3253350257873535,2.167651653289795,1.1246311664581299
17.0,Basque Country (Pais Vasco),1968.0,5.852184772491455,,,,,,,41.9743118286133,1070.11999511719,105.888786315918,28.264331817627,14.0191659927368,,23.7783908843994,4.0,3.330589771270752,84.91219329833984,8.402093887329102,2.2427263259887695,1.1123968362808228
17.0,Basque Country (Pais Vasco),1969.0,6.0814056396484375,5.53000020980835,3.75,45.3899993896484,6.44999980926514,34.0900001525879,4.80000019073486,43.271598815918,1093.23559570312,123.85572052002,30.3524646759033,15.0817813873291,246.889999389648,26.3729362487793,4.0,3.313807249069214,83.7217025756836,9.485066413879395,2.324439525604248,1.1549866199493408
17.0,Basque Country (Pais Vasco),1970.0,6.170094013214111,,,,,,,,,,,,,25.4970436096191,4.0,,,,,
17.0,Basque Country (Pais Vasco),1971.0,6.283633232116699,,,,,,,,,,,,,22.7163124084473,4.0,,,,,
17.0,Basque Country (Pais Vasco),1972.0,6.55555534362793,,,,,,,,,,,,,24.5688056945801,4.0,,,,,
17.0,Basque Country (Pais Vasco),1973.0,6.8107686042785645,,,,,,,,,,,,,23.0518627166748,4.0,,,,,
17.0,Basque Country (Pais Vasco),1974.0,7.105184078216553,,,,,,,,,,,,,23.7866611480713,4.0,,,,,
17.0,Basque Country (Pais Vasco),1975.0,7.377891540527344,,,,,,,,,,,,,19.8656044006348,4.0,,,,,
17.0,Basque Country (Pais Vasco),1976.0,7.232933521270752,,,,,,,,,,,,,20.3656425476074,4.0,,,,,
17.0,Basque Country (Pais Vasco),1977.0,7.089831352233887,,,,,,,,,,,,,20.0888938903809,4.0,,,,,
17.0,Basque Country (Pais Vasco),1978.0,6.786703586578369,,,,,,,,,,,,,18.5496139526367,4.0,,,,,
17.0,Basque Country (Pais Vasco),1979.0,6.639817237854004,,,,,,,,,,,,,16.3017597198486,4.0,,,,,
17.0,Basque Country (Pais Vasco),1980.0,6.562839031219482,,,,,,,,,,,,,16.5340042114258,4.0,,,,,
17.0,Basque Country (Pais Vasco),1981.0,6.5007853507995605,,,,,,,,,,,,,15.7956075668335,4.0,,,,,
17.0,Basque Country (Pais Vasco),1982.0,6.545058727264404,,,,,,,,,,,,,14.4020538330078,4.0,,,,,
17.0,Basque Country (Pais Vasco),1983.0,6.595329761505127,,,,,,,,,,,,,15.0416736602783,4.0,,,,,
17.0,Basque Country (Pais Vasco),1984.0,6.761496543884277,,,,,,,,,,,,,14.7125797271729,4.0,,,,,
17.0,Basque Country (Pais Vasco),1985.0,6.937160491943359,,,,,,,,,,,,,15.6840753555298,4.0,,,,,
17.0,Basque Country (Pais Vasco),1986.0,7.332190990447998,,,,,,,,,,,,,16.3246994018555,4.0,,,,,
17.0,Basque Country (Pais Vasco),1987.0,7.742788314819336,,,,,,,,,,,,,15.5889568328857,4.0,,,,,
17.0,Basque Country (Pais Vasco),1988.0,8.120536804199219,,,,,,,,,,,,,16.8475723266602,4.0,,,,,
17.0,Basque Country (Pais Vasco),1989.0,8.509711265563965,,,,,,,,,,,,,19.7838096618652,4.0,,,,,
17.0,Basque Country (Pais Vasco),1990.0,8.776778221130371,,,,,,,,,,,,,19.9347801208496,4.0,,,,,
17.0,Basque Country (Pais Vasco),1991.0,9.02527904510498,,,,,,,,,,,,,20.0072422027588,4.0,,,,,
17.0,Basque Country (Pais Vasco),1992.0,8.873892784118652,,,,,,,,,,,,,19.9394264221191,4.0,,,,,
17.0,Basque Country (Pais Vasco),1993.0,8.718223571777344,,,,,,,,,,,,,17.9752731323242,4.0,,,,,
17.0,Basque Country (Pais Vasco),1994.0,9.01813793182373,,,,,,,,,,,,,17.893705368042,4.0,,,,,
17.0,Basque Country (Pais Vasco),1995.0,9.440874099731445,,,,,,,,,,,,,19.266321182251,4.0,,,,,
17.0,Basque Country (Pais Vasco),1996.0,9.686517715454102,,,,,,,,,,,,,,4.0,,,,,
17.0,Basque Country (Pais Vasco),1997.0,10.170665740966797,,,,,,,,,,,,,,4.0,,,,,
6.0,Canarias,1955.0,1.9143816232681274,,,,,,,,,,,,,,5.0,,,,,
6.0,Canarias,1956.0,2.0718367099761963,,,,,,,,,,,,,,5.0,,,,,
6.0,Canarias,1957.0,2.2260782718658447,,,,,,,,,,,,,,5.0,,,,,
6.0,Canarias,1958.0,2.220865488052368,,,,,,,,,,,,,,5.0,,,,,
6.0,Canarias,1959.0,2.2134389877319336,,,,,,,,,,,,,,5.0,,,,,
6.0,Canarias,1960.0,2.3576836585998535,,,,,,,,,,,,,,5.0,,,,,
6.0,Canarias,1961.0,2.4457297325134277,26.2099990844727,9.53999996185303,9.78999996185303,6.17999982833862,40.2299995422363,8.0600004196167,,,,,,,,5.0,,,,,
6.0,Canarias,1962.0,2.6482431888580322,,,,,,,,,,,,,,5.0,,,,,
6.0,Canarias,1963.0,2.8447587490081787,23.9099998474121,8.42000007629395,9.85000038146973,6.80999994277954,43.9900016784668,7.01999998092651,,,,,,,,5.0,,,,,
6.0,Canarias,1964.0,2.9511568546295166,,,,,,,134.977569580078,505.942596435547,33.2646560668945,10.2709188461304,5.27583169937134,,17.0259399414062,5.0,19.569580078125,73.35355377197266,4.822840690612793,1.4891183376312256,0.764910876750946
6.0,Canarias,1965.0,3.054198741912842,19.4300003051758,8.0,10.0500001907349,8.68000030517578,46.1500015258789,7.69999980926514,132.246612548828,512.223693847656,36.6822166442871,10.8871955871582,5.47498607635498,,20.9989643096924,5.0,18.959688186645508,73.43553924560547,5.258988380432129,1.5608553886413574,0.7849276661872864
6.0,Canarias,1966.0,3.231790781021118,,,,,,,129.563690185547,518.962585449219,40.5098114013672,11.587664604187,5.68915796279907,,26.6728916168213,5.0,18.343666076660156,73.47488403320312,5.735391616821289,1.6405850648880005,0.805472731590271
6.0,Canarias,1967.0,3.4033846855163574,16.1800003051758,6.92000007629395,9.82999992370605,10.3999996185303,47.0900001525879,9.59000015258789,126.92797088623,527.237548828125,44.9232215881348,12.3797988891602,5.93983459472656,,30.120325088501,5.0,17.692567825317383,73.4919662475586,6.261875629425049,1.7256278991699219,0.8279572129249573
6.0,Canarias,1968.0,3.660311460494995,,,,,,,124.338722229004,532.043151855469,53.8288078308105,13.2286462783813,6.10211324691772,,32.150463104248,5.0,17.043407440185547,72.92843627929688,7.378444194793701,1.8132823705673218,0.8364313244819641
6.0,Canarias,1969.0,3.912882089614868,13.9899997711182,6.21000003814697,9.5600004196167,11.2799997329712,48.9300003051758,10.039999961853,121.79515838623,536.16015625,63.4762229919434,14.1668691635132,6.5828104019165,148.25,28.7568988800049,5.0,16.41043472290039,72.24113464355469,8.552658081054688,1.9088153839111328,0.8869546055793762
6.0,Canarias,1970.0,4.224935531616211,,,,,,,,,,,,,23.9603977203369,5.0,,,,,
6.0,Canarias,1971.0,4.4935736656188965,,,,,,,,,,,,,23.4238739013672,5.0,,,,,
6.0,Canarias,1972.0,4.781919479370117,,,,,,,,,,,,,27.6821231842041,5.0,,,,,
6.0,Canarias,1973.0,5.05491304397583,,,,,,,,,,,,,26.5648536682129,5.0,,,,,
6.0,Canarias,1974.0,4.967794895172119,,,,,,,,,,,,,23.0051422119141,5.0,,,,,
6.0,Canarias,1975.0,4.881533622741699,,,,,,,,,,,,,20.5993461608887,5.0,,,,,
6.0,Canarias,1976.0,4.9484429359436035,,,,,,,,,,,,,18.8343353271484,5.0,,,,,
6.0,Canarias,1977.0,5.0079264640808105,,,,,,,,,,,,,20.2992210388184,5.0,,,,,
6.0,Canarias,1978.0,5.040916919708252,,,,,,,,,,,,,19.8448696136475,5.0,,,,,
6.0,Canarias,1979.0,5.233504772186279,,,,,,,,,,,,,18.7241382598877,5.0,,,,,
6.0,Canarias,1980.0,5.437089443206787,,,,,,,,,,,,,18.553279876709,5.0,,,,,
6.0,Canarias,1981.0,5.65824031829834,,,,,,,,,,,,,16.641674041748,5.0,,,,,
6.0,Canarias,1982.0,5.68730354309082,,,,,,,,,,,,,16.3411331176758,5.0,,,,,
6.0,Canarias,1983.0,5.719865798950195,,,,,,,,,,,,,14.9887752532959,5.0,,,,,
6.0,Canarias,1984.0,5.801342487335205,,,,,,,,,,,,,15.7615900039673,5.0,,,,,
6.0,Canarias,1985.0,5.885603904724121,,,,,,,,,,,,,19.1585693359375,5.0,,,,,
6.0,Canarias,1986.0,6.256783962249756,,,,,,,,,,,,,19.6497135162354,5.0,,,,,
6.0,Canarias,1987.0,6.612681865692139,,,,,,,,,,,,,20.7193813323975,5.0,,,,,
6.0,Canarias,1988.0,6.977006435394287,,,,,,,,,,,,,24.3144397735596,5.0,,,,,
6.0,Canarias,1989.0,7.3379034996032715,,,,,,,,,,,,,25.8593711853027,5.0,,,,,
6.0,Canarias,1990.0,7.345044136047363,,,,,,,,,,,,,25.5112228393555,5.0,,,,,
6.0,Canarias,1991.0,7.34718656539917,,,,,,,,,,,,,22.8962173461914,5.0,,,,,
6.0,Canarias,1992.0,7.2200798988342285,,,,,,,,,,,,,20.1320972442627,5.0,,,,,
6.0,Canarias,1993.0,7.092187881469727,,,,,,,,,,,,,17.6260604858398,5.0,,,,,
6.0,Canarias,1994.0,7.410740375518799,,,,,,,,,,,,,19.9668464660645,5.0,,,,,
6.0,Canarias,1995.0,7.616394996643066,,,,,,,,,,,,,19.6725215911865,5.0,,,,,
6.0,Canarias,1996.0,7.817051887512207,,,,,,,,,,,,,,5.0,,,,,
6.0,Canarias,1997.0,8.060554504394531,,,,,,,,,,,,,,5.0,,,,,
7.0,Cantabria,1955.0,2.5594117641448975,,,,,,,,,,,,,,6.0,,,,,
7.0,Cantabria,1956.0,2.693873167037964,,,,,,,,,,,,,,6.0,,,,,
7.0,Cantabria,1957.0,2.8203370571136475,,,,,,,,,,,,,,6.0,,,,,
7.0,Cantabria,1958.0,2.8790345191955566,,,,,,,,,,,,,,6.0,,,,,
7.0,Cantabria,1959.0,2.943730354309082,,,,,,,,,,,,,,6.0,,,,,
7.0,Cantabria,1960.0,3.1370322704315186,,,,,,,,,,,,,,6.0,,,,,
7.0,Cantabria,1961.0,3.3276207447052,16.7099990844727,3.1800000667572,37.9199981689453,5.61999988555908,31.6800003051758,4.90000009536743,,,,,,,,6.0,,,,,
7.0,Cantabria,1962.0,3.5553414821624756,,,,,,,,,,,,,,6.0,,,,,
7.0,Cantabria,1963.0,3.7714226245880127,18.2399997711182,2.94000005722046,36.1800003051758,5.75,32.5999984741211,4.28999996185303,,,,,,,,6.0,,,,,
7.0,Cantabria,1964.0,3.839402914047241,,,,,,,9.68474006652832,284.568359375,20.7413806915283,6.54473781585693,2.73772668838501,,25.9189758300781,6.0,2.9865643978118896,87.75473022460938,6.396193504333496,2.0182557106018066,0.8442557454109192
7.0,Cantabria,1965.0,3.9060983657836914,16.2099990844727,2.77999997138977,36.75,6.28999996185303,33.2400016784668,4.73999977111816,9.56692123413086,286.330200195312,21.5585098266602,6.80100536346436,2.78703331947327,,28.1631698608398,6.0,2.9252734184265137,87.55106353759766,6.591936111450195,2.079540491104126,0.8521899580955505
7.0,Cantabria,1966.0,4.03213357925415,,,,,,,9.45053100585938,288.415008544922,22.4632587432861,7.09592056274414,2.84099197387695,,29.7192420959473,6.0,2.8614931106567383,87.32817077636719,6.801571369171143,2.1485488414764404,0.8602139949798584
7.0,Cantabria,1967.0,4.1559553146362305,14.9700002670288,2.69000005722046,35.8699989318848,6.17999982833862,34.5800018310547,5.71999979019165,9.33555126190186,291.335388183594,23.5245227813721,7.43125104904175,2.90978312492371,,28.967601776123,6.0,2.790592670440674,87.0862808227539,7.031974792480469,2.2213573455810547,0.8697954416275024
7.0,Cantabria,1968.0,4.375892639160156,,,,,,,9.22196483612061,292.683197021484,26.6404342651367,7.78354120254517,2.93244957923889,,29.9379234313965,6.0,2.7182459831237793,86.2706527709961,7.852475643157959,2.294259548187256,0.864362359046936
7.0,Cantabria,1969.0,4.610825538635254,13.4799995422363,2.88000011444092,35.9300003051758,6.03999996185303,35.3199996948242,6.34000015258789,9.10975551605225,294.098236083984,29.710376739502,8.17006301879883,3.10330152511597,87.3899993896484,31.7203559875488,6.0,2.646709442138672,85.446044921875,8.631926536560059,2.373695135116577,0.9016199707984924
7.0,Cantabria,1970.0,4.791416645050049,,,,,,,,,,,,,27.2976818084717,6.0,,,,,
7.0,Cantabria,1971.0,4.969651699066162,,,,,,,,,,,,,24.1462631225586,6.0,,,,,
7.0,Cantabria,1972.0,5.155384540557861,,,,,,,,,,,,,26.6463279724121,6.0,,,,,
7.0,Cantabria,1973.0,5.3387603759765625,,,,,,,,,,,,,25.9357929229736,6.0,,,,,
7.0,Cantabria,1974.0,5.508354663848877,,,,,,,,,,,,,27.2517414093018,6.0,,,,,
7.0,Cantabria,1975.0,5.675235748291016,,,,,,,,,,,,,25.4183330535889,6.0,,,,,
7.0,Cantabria,1976.0,5.796058177947998,,,,,,,,,,,,,23.3222694396973,6.0,,,,,
7.0,Cantabria,1977.0,5.902956485748291,,,,,,,,,,,,,21.7218837738037,6.0,,,,,
7.0,Cantabria,1978.0,5.916595458984375,,,,,,,,,,,,,20.854923248291,6.0,,,,,
7.0,Cantabria,1979.0,5.9064555168151855,,,,,,,,,,,,,19.3349609375,6.0,,,,,
7.0,Cantabria,1980.0,5.899100303649902,,,,,,,,,,,,,19.4796085357666,6.0,,,,,
7.0,Cantabria,1981.0,5.914881706237793,,,,,,,,,,,,,23.029748916626,6.0,,,,,
7.0,Cantabria,1982.0,5.9168806076049805,,,,,,,,,,,,,20.2042331695557,6.0,,,,,
7.0,Cantabria,1983.0,5.941659450531006,,,,,,,,,,,,,18.771089553833,6.0,,,,,
7.0,Cantabria,1984.0,6.028849124908447,,,,,,,,,,,,,18.2284927368164,6.0,,,,,
7.0,Cantabria,1985.0,6.138317584991455,,,,,,,,,,,,,19.6516265869141,6.0,,,,,
7.0,Cantabria,1986.0,6.4204511642456055,,,,,,,,,,,,,17.644136428833,6.0,,,,,
7.0,Cantabria,1987.0,6.7132248878479,,,,,,,,,,,,,20.1474628448486,6.0,,,,,
7.0,Cantabria,1988.0,7.023421764373779,,,,,,,,,,,,,20.3745632171631,6.0,,,,,
7.0,Cantabria,1989.0,7.333619117736816,,,,,,,,,,,,,22.8378524780273,6.0,,,,,
7.0,Cantabria,1990.0,7.450728416442871,,,,,,,,,,,,,22.0300846099854,6.0,,,,,
7.0,Cantabria,1991.0,7.596401214599609,,,,,,,,,,,,,20.6100959777832,6.0,,,,,
7.0,Cantabria,1992.0,7.462153434753418,,,,,,,,,,,,,21.6292610168457,6.0,,,,,
7.0,Cantabria,1993.0,7.327906131744385,,,,,,,,,,,,,23.0652160644531,6.0,,,,,
7.0,Cantabria,1994.0,7.5507001876831055,,,,,,,,,,,,,21.568395614624,6.0,,,,,
7.0,Cantabria,1995.0,7.777063369750977,,,,,,,,,,,,,22.591121673584,6.0,,,,,
7.0,Cantabria,1996.0,7.907740592956543,,,,,,,,,,,,,,6.0,,,,,
7.0,Cantabria,1997.0,8.226935386657715,,,,,,,,,,,,,,6.0,,,,,
8.0,Castilla Y Leon,1955.0,1.7291487455368042,,,,,,,,,,,,,,7.0,,,,,
8.0,Castilla Y Leon,1956.0,1.838331937789917,,,,,,,,,,,,,,7.0,,,,,
8.0,Castilla Y Leon,1957.0,1.947657823562622,,,,,,,,,,,,,,7.0,,,,,
8.0,Castilla Y Leon,1958.0,1.9713653326034546,,,,,,,,,,,,,,7.0,,,,,
8.0,Castilla Y Leon,1959.0,1.995144248008728,,,,,,,,,,,,,,7.0,,,,,
8.0,Castilla Y Leon,1960.0,2.138817310333252,,,,,,,,,,,,,,7.0,,,,,
8.0,Castilla Y Leon,1961.0,2.2395029067993164,32.5499992370605,9.01000022888184,16.0499992370605,6.17000007629395,29.1399993896484,7.07999992370605,,,,,,,,7.0,,,,,
8.0,Castilla Y Leon,1962.0,2.4542274475097656,,,,,,,,,,,,,,7.0,,,,,
8.0,Castilla Y Leon,1963.0,2.672236442565918,33.2299995422363,8.17000007629395,15.75,6.6399998664856,29.7099990844727,6.5,,,,,,,,7.0,,,,,
8.0,Castilla Y Leon,1964.0,2.777777671813965,,,,,,,110.669097900391,1800.78466796875,90.2709884643555,33.6689147949219,19.031759262085,,18.7428321838379,7.0,5.3868632316589355,87.6539306640625,4.393977165222168,1.6388481855392456,0.926378607749939
8.0,Castilla Y Leon,1965.0,2.882176399230957,30.5200004577637,7.84999990463257,16.3600006103516,7.36999988555908,30.6100006103516,7.28000020980835,108.557182312012,1784.60620117188,93.0149154663086,35.0594444274902,19.0506000518799,,19.8590602874756,7.0,5.3206787109375,87.46833038330078,4.558910369873047,1.7183573246002197,0.9337209463119507
8.0,Castilla Y Leon,1966.0,2.988075017929077,,,,,,,106.481353759766,1770.78649902344,96.0362777709961,36.6567306518555,19.0829524993896,,19.3095703125,7.0,5.24785852432251,87.27197265625,4.7330803871154785,1.8066012859344482,0.9404898881912231
8.0,Castilla Y Leon,1967.0,3.0945444107055664,27.0200004577637,7.23999977111816,16.7600002288818,7.69999980926514,32.1300010681152,9.14999961853027,104.441024780273,1762.45178222656,99.6097412109375,38.4714508056641,19.1937732696533,,18.868968963623,7.0,5.159702301025391,87.07044219970703,4.921021938323975,1.9006059169769287,0.9482303857803345
8.0,Castilla Y Leon,1968.0,3.3022708892822266,,,,,,,102.435623168945,1748.35729980469,111.663963317871,40.3835639953613,18.9824352264404,,19.4028263092041,7.0,5.066498279571533,86.47430419921875,5.522934913635254,1.9973838329315186,0.938877284526825
8.0,Castilla Y Leon,1969.0,3.520993947982788,25.2700004577637,6.82000017166138,17.4500007629395,7.84000015258789,32.6300010681152,9.98999977111816,100.464584350586,1734.58569335938,123.203689575195,42.4837989807129,19.6990413665771,28.7700004577637,21.7317962646484,7.0,4.972419261932373,85.85201263427734,6.097874164581299,2.102703809738159,0.9749892354011536
8.0,Castilla Y Leon,1970.0,3.670522928237915,,,,,,,,,,,,,22.3235569000244,7.0,,,,,
8.0,Castilla Y Leon,1971.0,3.8218367099761963,,,,,,,,,,,,,21.8736476898193,7.0,,,,,
8.0,Castilla Y Leon,1972.0,4.081762313842773,,,,,,,,,,,,,22.7254333496094,7.0,,,,,
8.0,Castilla Y Leon,1973.0,4.345401287078857,,,,,,,,,,,,,25.2864246368408,7.0,,,,,
8.0,Castilla Y Leon,1974.0,4.464724063873291,,,,,,,,,,,,,26.2827758789062,7.0,,,,,
8.0,Castilla Y Leon,1975.0,4.581119537353516,,,,,,,,,,,,,26.2781448364258,7.0,,,,,
8.0,Castilla Y Leon,1976.0,4.732719421386719,,,,,,,,,,,,,26.5485191345215,7.0,,,,,
8.0,Castilla Y Leon,1977.0,4.8846755027771,,,,,,,,,,,,,25.1691036224365,7.0,,,,,
8.0,Castilla Y Leon,1978.0,4.946800708770752,,,,,,,,,,,,,24.4022541046143,7.0,,,,,
8.0,Castilla Y Leon,1979.0,4.920379638671875,,,,,,,,,,,,,23.975700378418,7.0,,,,,
8.0,Castilla Y Leon,1980.0,4.893744468688965,,,,,,,,,,,,,26.6389312744141,7.0,,,,,
8.0,Castilla Y Leon,1981.0,4.881033897399902,,,,,,,,,,,,,27.1625480651855,7.0,,,,,
8.0,Castilla Y Leon,1982.0,4.923093318939209,,,,,,,,,,,,,27.6147747039795,7.0,,,,,
8.0,Castilla Y Leon,1983.0,4.970722675323486,,,,,,,,,,,,,25.4617786407471,7.0,,,,,
8.0,Castilla Y Leon,1984.0,5.113467693328857,,,,,,,,,,,,,22.6302833557129,7.0,,,,,
8.0,Castilla Y Leon,1985.0,5.261996746063232,,,,,,,,,,,,,24.7101421356201,7.0,,,,,
8.0,Castilla Y Leon,1986.0,5.64731502532959,,,,,,,,,,,,,19.7041282653809,7.0,,,,,
8.0,Castilla Y Leon,1987.0,6.04463005065918,,,,,,,,,,,,,19.0892887115479,7.0,,,,,
8.0,Castilla Y Leon,1988.0,6.354398727416992,,,,,,,,,,,,,20.9405784606934,7.0,,,,,
8.0,Castilla Y Leon,1989.0,6.6740217208862305,,,,,,,,,,,,,22.784252166748,7.0,,,,,
8.0,Castilla Y Leon,1990.0,6.8703227043151855,,,,,,,,,,,,,23.4983215332031,7.0,,,,,
8.0,Castilla Y Leon,1991.0,7.063196182250977,,,,,,,,,,,,,22.53342628479,7.0,,,,,
8.0,Castilla Y Leon,1992.0,7.045487403869629,,,,,,,,,,,,,24.0742378234863,7.0,,,,,
8.0,Castilla Y Leon,1993.0,7.027635097503662,,,,,,,,,,,,,21.9429492950439,7.0,,,,,
8.0,Castilla Y Leon,1994.0,7.0742645263671875,,,,,,,,,,,,,22.298885345459,7.0,,,,,
8.0,Castilla Y Leon,1995.0,7.282919406890869,,,,,,,,,,,,,22.3803024291992,7.0,,,,,
8.0,Castilla Y Leon,1996.0,7.611396789550781,,,,,,,,,,,,,,7.0,,,,,
8.0,Castilla Y Leon,1997.0,7.888460159301758,,,,,,,,,,,,,,7.0,,,,,
9.0,Castilla-La Mancha,1955.0,1.327763557434082,,,,,,,,,,,,,,8.0,,,,,
9.0,Castilla-La Mancha,1956.0,1.4150956869125366,,,,,,,,,,,,,,8.0,,,,,
9.0,Castilla-La Mancha,1957.0,1.5035704374313354,,,,,,,,,,,,,,8.0,,,,,
9.0,Castilla-La Mancha,1958.0,1.5314196348190308,,,,,,,,,,,,,,8.0,,,,,
9.0,Castilla-La Mancha,1959.0,1.5593401193618774,,,,,,,,,,,,,,8.0,,,,,
9.0,Castilla-La Mancha,1960.0,1.6675236225128174,,,,,,,,,,,,,,8.0,,,,,
9.0,Castilla-La Mancha,1961.0,1.7524279356002808,42.1300010681152,5.09000015258789,16.1299991607666,4.78999996185303,26.3899993896484,5.46999979019165,,,,,,,,8.0,,,,,
9.0,Castilla-La Mancha,1962.0,1.920451283454895,,,,,,,,,,,,,,8.0,,,,,
9.0,Castilla-La Mancha,1963.0,2.091902494430542,41.5400009155273,4.57999992370605,16.2399997711182,5.1100001335144,27.3700008392334,5.15999984741211,,,,,,,,8.0,,,,,
9.0,Castilla-La Mancha,1964.0,2.1825907230377197,,,,,,,274.36865234375,1067.63903808594,26.89621925354,13.6807374954224,5.95148801803589,,14.950511932373,8.0,19.75956153869629,76.88954162597656,1.9370197057724,0.9852633476257324,0.4286159873008728
9.0,Castilla-La Mancha,1965.0,2.274707078933716,35.060001373291,5.32000017166138,17.5200004577637,5.96999979019165,30.1299991607666,6.0,266.183166503906,1052.43518066406,28.6108989715576,14.6527147293091,6.07189273834229,,16.5078983306885,8.0,19.4584903717041,76.93498992919922,2.091510534286499,1.071141004562378,0.4438667893409729
9.0,Castilla-La Mancha,1966.0,2.378391981124878,,,,,,,258.163299560547,1038.83850097656,30.5229873657227,15.7534484863281,6.20317840576172,,17.8852577209473,8.0,19.130556106567383,76.9805679321289,2.2618308067321777,1.1673705577850342,0.4596712589263916
9.0,Castilla-La Mancha,1967.0,2.4823622703552246,31.5799999237061,5.34999990463257,18.2000007629395,6.26999998092651,31.1000003814697,7.5,250.306091308594,1028.95056152344,32.7421226501465,16.996208190918,6.3677134513855,,18.6468353271484,8.0,18.744428634643555,77.05401611328125,2.451927423477173,1.2727783918380737,0.47685274481773376
9.0,Castilla-La Mancha,1968.0,2.709083080291748,,,,,,,242.608703613281,1017.61560058594,37.9977378845215,18.335750579834,6.43204116821289,,18.7182598114014,8.0,18.33791160583496,76.9178695678711,2.8721110820770264,1.3859328031539917,0.48617464303970337
9.0,Castilla-La Mancha,1969.0,2.947443723678589,30.1200008392334,5.55999994277954,17.7999992370605,6.90999984741211,31.2000007629395,8.39999961853027,235.068328857422,1006.13732910156,43.4472923278809,19.8195037841797,6.82267570495605,22.3799991607666,21.1153755187988,8.0,17.926424026489258,76.728515625,3.3133113384246826,1.5114449262619019,0.5203005075454712
9.0,Castilla-La Mancha,1970.0,3.1368894577026367,,,,,,,,,,,,,22.894416809082,8.0,,,,,
9.0,Castilla-La Mancha,1971.0,3.3196229934692383,,,,,,,,,,,,,23.1898212432861,8.0,,,,,
9.0,Castilla-La Mancha,1972.0,3.6291775703430176,,,,,,,,,,,,,23.9155044555664,8.0,,,,,
9.0,Castilla-La Mancha,1973.0,3.9460866451263428,,,,,,,,,,,,,27.1244258880615,8.0,,,,,
9.0,Castilla-La Mancha,1974.0,4.028134822845459,,,,,,,,,,,,,26.9158058166504,8.0,,,,,
9.0,Castilla-La Mancha,1975.0,4.111968040466309,,,,,,,,,,,,,26.2131309509277,8.0,,,,,
9.0,Castilla-La Mancha,1976.0,4.260711193084717,,,,,,,,,,,,,25.0932846069336,8.0,,,,,
9.0,Castilla-La Mancha,1977.0,4.412168025970459,,,,,,,,,,,,,25.3084964752197,8.0,,,,,
9.0,Castilla-La Mancha,1978.0,4.446300983428955,,,,,,,,,,,,,26.2669353485107,8.0,,,,,
9.0,Castilla-La Mancha,1979.0,4.408740520477295,,,,,,,,,,,,,25.8906097412109,8.0,,,,,
9.0,Castilla-La Mancha,1980.0,4.328763484954834,,,,,,,,,,,,,27.1016082763672,8.0,,,,,
9.0,Castilla-La Mancha,1981.0,4.261282444000244,,,,,,,,,,,,,25.6895370483398,8.0,,,,,
9.0,Castilla-La Mancha,1982.0,4.34318733215332,,,,,,,,,,,,,28.0412845611572,8.0,,,,,
9.0,Castilla-La Mancha,1983.0,4.424664497375488,,,,,,,,,,,,,28.0229206085205,8.0,,,,,
9.0,Castilla-La Mancha,1984.0,4.5500569343566895,,,,,,,,,,,,,26.228910446167,8.0,,,,,
9.0,Castilla-La Mancha,1985.0,4.677663326263428,,,,,,,,,,,,,21.167423248291,8.0,,,,,
9.0,Castilla-La Mancha,1986.0,4.980648517608643,,,,,,,,,,,,,27.0725765228271,8.0,,,,,
9.0,Castilla-La Mancha,1987.0,5.295558452606201,,,,,,,,,,,,,27.3752861022949,8.0,,,,,
9.0,Castilla-La Mancha,1988.0,5.677877902984619,,,,,,,,,,,,,28.907299041748,8.0,,,,,
9.0,Castilla-La Mancha,1989.0,6.065338611602783,,,,,,,,,,,,,28.87522315979,8.0,,,,,
9.0,Castilla-La Mancha,1990.0,6.279419898986816,,,,,,,,,,,,,27.8845691680908,8.0,,,,,
9.0,Castilla-La Mancha,1991.0,6.4745073318481445,,,,,,,,,,,,,29.4713535308838,8.0,,,,,
9.0,Castilla-La Mancha,1992.0,6.330691337585449,,,,,,,,,,,,,29.3668060302734,8.0,,,,,
9.0,Castilla-La Mancha,1993.0,6.188589096069336,,,,,,,,,,,,,28.2604522705078,8.0,,,,,
9.0,Castilla-La Mancha,1994.0,6.230934143066406,,,,,,,,,,,,,24.7345809936523,8.0,,,,,
9.0,Castilla-La Mancha,1995.0,6.328763484954834,,,,,,,,,,,,,25.9419326782227,8.0,,,,,
9.0,Castilla-La Mancha,1996.0,6.614396095275879,,,,,,,,,,,,,,8.0,,,,,
9.0,Castilla-La Mancha,1997.0,6.865395545959473,,,,,,,,,,,,,,8.0,,,,,
10.0,Cataluna,1955.0,3.5466296672821045,,,,,,,,,,,,,,9.0,,,,,
10.0,Cataluna,1956.0,3.6904456615448,,,,,,,,,,,,,,9.0,,,,,
10.0,Cataluna,1957.0,3.8268349170684814,,,,,,,,,,,,,,9.0,,,,,
10.0,Cataluna,1958.0,3.875678300857544,,,,,,,,,,,,,,9.0,,,,,
10.0,Cataluna,1959.0,3.921736717224121,,,,,,,,,,,,,,9.0,,,,,
10.0,Cataluna,1960.0,4.241788387298584,,,,,,,,,,,,,,9.0,,,,,
10.0,Cataluna,1961.0,4.575335502624512,8.23999977111816,2.89000010490417,41.6100006103516,5.55000019073486,37.2999992370605,4.42000007629395,,,,,,,,9.0,,,,,
10.0,Cataluna,1962.0,4.838046550750732,,,,,,,,,,,,,,9.0,,,,,
10.0,Cataluna,1963.0,5.081334114074707,8.27999973297119,2.72000002861023,39.939998626709,6.42999982833862,38.8300018310547,3.78999996185303,,,,,,,,9.0,,,,,
10.0,Cataluna,1964.0,5.158097743988037,,,,,,,262.816864013672,2749.12109375,168.848922729492,55.7905082702637,29.5606575012207,,16.5614433288574,9.0,8.046716690063477,84.17039489746094,5.169681549072266,1.7081491947174072,0.905064582824707
10.0,Cataluna,1965.0,5.2236504554748535,6.76999998092651,2.85999989509583,40.2900009155273,7.28000020980835,38.8499984741211,3.96000003814697,269.135833740234,2798.28125,181.376449584961,58.4356880187988,30.5408153533936,,20.0388870239258,9.0,8.063343048095703,83.83685302734375,5.434060573577881,1.7507404088974,0.9150065779685974
10.0,Cataluna,1966.0,5.332476615905762,,,,,,,275.247894287109,2851.96044921875,195.368789672852,61.4609680175781,31.5972309112549,,23.8684711456299,9.0,8.05846881866455,83.4972152709961,5.719837665557861,1.799400806427002,0.9250762462615967
10.0,Cataluna,1967.0,5.429449081420898,5.69000005722046,2.9300000667572,39.4799995422363,7.09999990463257,40.1300010681152,4.67000007629395,281.157318115234,2915.71752929688,211.568862915039,64.8915252685547,32.8478584289551,,24.7314453125,9.0,8.018899917602539,83.15930938720703,6.034164905548096,1.8507740497589111,0.9368551969528198
10.0,Cataluna,1968.0,5.674378871917725,,,,,,,286.868377685547,2966.74462890625,247.832916259766,68.5314025878906,33.6025543212891,,25.75998878479,9.0,7.9606499671936035,82.32770538330078,6.877408981323242,1.9017589092254639,0.9324770569801331
10.0,Cataluna,1969.0,5.915524005889893,5.69999980926514,3.0,38.9599990844727,7.17000007629395,40.2299995422363,4.94000005722046,292.385131835938,3018.34545898438,285.996917724609,72.539794921875,36.0985488891602,153.119995117188,24.1620464324951,9.0,7.890857219696045,81.45877075195312,7.718452453613281,1.9576958417892456,0.9742235541343689
10.0,Cataluna,1970.0,6.066837787628174,,,,,,,,,,,,,21.5039901733398,9.0,,,,,
10.0,Cataluna,1971.0,6.227649211883545,,,,,,,,,,,,,20.9517269134521,9.0,,,,,
10.0,Cataluna,1972.0,6.539060115814209,,,,,,,,,,,,,23.3312225341797,9.0,,,,,
10.0,Cataluna,1973.0,6.837975025177002,,,,,,,,,,,,,24.6595363616943,9.0,,,,,
10.0,Cataluna,1974.0,6.987360954284668,,,,,,,,,,,,,24.100830078125,9.0,,,,,
10.0,Cataluna,1975.0,7.1248931884765625,,,,,,,,,,,,,21.1886425018311,9.0,,,,,
10.0,Cataluna,1976.0,7.135389804840088,,,,,,,,,,,,,20.4112911224365,9.0,,,,,
10.0,Cataluna,1977.0,7.142959117889404,,,,,,,,,,,,,18.5070133209229,9.0,,,,,
10.0,Cataluna,1978.0,7.019351482391357,,,,,,,,,,,,,18.5064487457275,9.0,,,,,
10.0,Cataluna,1979.0,7.0109968185424805,,,,,,,,,,,,,17.6833438873291,9.0,,,,,
10.0,Cataluna,1980.0,7.078834533691406,,,,,,,,,,,,,15.899486541748,9.0,,,,,
10.0,Cataluna,1981.0,7.1822333335876465,,,,,,,,,,,,,13.670280456543,9.0,,,,,
10.0,Cataluna,1982.0,7.287203788757324,,,,,,,,,,,,,13.7905778884888,9.0,,,,,
10.0,Cataluna,1983.0,7.397886276245117,,,,,,,,,,,,,15.8484268188477,9.0,,,,,
10.0,Cataluna,1984.0,7.48429012298584,,,,,,,,,,,,,13.6417980194092,9.0,,,,,
10.0,Cataluna,1985.0,7.569979667663574,,,,,,,,,,,,,13.1108713150024,9.0,,,,,
10.0,Cataluna,1986.0,8.077692031860352,,,,,,,,,,,,,14.9053049087524,9.0,,,,,
10.0,Cataluna,1987.0,8.583975791931152,,,,,,,,,,,,,18.1826725006104,9.0,,,,,
10.0,Cataluna,1988.0,9.057412147521973,,,,,,,,,,,,,17.6598262786865,9.0,,,,,
10.0,Cataluna,1989.0,9.525849342346191,,,,,,,,,,,,,18.4189586639404,9.0,,,,,
10.0,Cataluna,1990.0,9.785061836242676,,,,,,,,,,,,,18.870548248291,9.0,,,,,
10.0,Cataluna,1991.0,10.050700187683105,,,,,,,,,,,,,19.4772415161133,9.0,,,,,
10.0,Cataluna,1992.0,9.837903022766113,,,,,,,,,,,,,21.0941829681396,9.0,,,,,
10.0,Cataluna,1993.0,9.625106811523438,,,,,,,,,,,,,18.3188209533691,9.0,,,,,
10.0,Cataluna,1994.0,10.006426811218262,,,,,,,,,,,,,17.8029975891113,9.0,,,,,
10.0,Cataluna,1995.0,10.339902877807617,,,,,,,,,,,,,18.3809680938721,9.0,,,,,
10.0,Cataluna,1996.0,10.576263427734375,,,,,,,,,,,,,,9.0,,,,,
10.0,Cataluna,1997.0,11.045415878295898,,,,,,,,,,,,,,9.0,,,,,
11.0,Comunidad Valenciana,1955.0,2.5759782791137695,,,,,,,,,,,,,,10.0,,,,,
11.0,Comunidad Valenciana,1956.0,2.7385032176971436,,,,,,,,,,,,,,10.0,,,,,
11.0,Comunidad Valenciana,1957.0,2.899885892868042,,,,,,,,,,,,,,10.0,,,,,
11.0,Comunidad Valenciana,1958.0,2.963510513305664,,,,,,,,,,,,,,10.0,,,,,
11.0,Comunidad Valenciana,1959.0,3.0262069702148438,,,,,,,,,,,,,,10.0,,,,,
11.0,Comunidad Valenciana,1960.0,3.219294309616089,,,,,,,,,,,,,,10.0,,,,,
11.0,Comunidad Valenciana,1961.0,3.3624680042266846,23.6499996185303,3.01999998092651,27.6800003051758,4.53000020980835,36.1800003051758,4.96000003814697,,,,,,,,10.0,,,,,
11.0,Comunidad Valenciana,1962.0,3.5699799060821533,,,,,,,,,,,,,,10.0,,,,,
11.0,Comunidad Valenciana,1963.0,3.7652101516723633,21.7800006866455,2.75,27.2099990844727,5.42000007629395,38.3300018310547,4.5,,,,,,,,10.0,,,,,
11.0,Comunidad Valenciana,1964.0,3.823693037033081,,,,,,,265.352386474609,1625.75366210938,84.9697952270508,29.6055355072021,15.6832036972046,,19.6991195678711,10.0,13.127388000488281,80.42852020263672,4.203585624694824,1.4646310806274414,0.7758720517158508
11.0,Comunidad Valenciana,1965.0,3.874178647994995,18.2700004577637,2.59999990463257,28.1800003051758,6.67000007629395,39.2400016784668,5.05000019073486,266.080993652344,1650.5283203125,89.9331130981445,31.188289642334,16.0734405517578,,21.8730087280273,10.0,12.95551872253418,80.36444091796875,4.378855228424072,1.5185619592666626,0.78261798620224
11.0,Comunidad Valenciana,1966.0,3.978148937225342,,,,,,,266.74658203125,1677.83056640625,95.4620513916016,32.992431640625,16.4965915679932,,24.0267810821533,10.0,12.765875816345215,80.2970962524414,4.568593502044678,1.5789415836334229,0.7894887924194336
11.0,Comunidad Valenciana,1967.0,4.0734076499938965,15.4799995422363,2.4300000667572,28.6399993896484,6.88000011444092,40.5,6.07000017166138,267.350677490234,1711.10729980469,101.888916015625,35.0352592468262,17.0129070281982,,24.6811904907227,10.0,12.537577629089355,80.24344635009766,4.778144359588623,1.6430004835128784,0.7978309392929077
11.0,Comunidad Valenciana,1968.0,4.279777526855469,,,,,,,267.894744873047,1738.71472167969,117.650833129883,37.2143325805664,17.2655029296875,,25.7572746276855,10.0,12.295855522155762,79.80367279052734,5.399947643280029,1.7080665826797485,0.7924534678459167
11.0,Comunidad Valenciana,1969.0,4.4862895011901855,13.7299995422363,2.69000005722046,28.5200004577637,7.34999990463257,41.0699996948242,6.6399998664856,268.380218505859,1766.76818847656,133.849853515625,39.6187858581543,18.4009895324707,128.699996948242,26.178804397583,10.0,12.051101684570312,79.33335876464844,6.01027250289917,1.779006004333496,0.8262613415718079
11.0,Comunidad Valenciana,1970.0,4.654741287231445,,,,,,,,,,,,,24.8410549163818,10.0,,,,,
11.0,Comunidad Valenciana,1971.0,4.817123889923096,,,,,,,,,,,,,23.1996517181396,10.0,,,,,
11.0,Comunidad Valenciana,1972.0,5.138888835906982,,,,,,,,,,,,,23.7017269134521,10.0,,,,,
11.0,Comunidad Valenciana,1973.0,5.449371814727783,,,,,,,,,,,,,25.9421882629395,10.0,,,,,
11.0,Comunidad Valenciana,1974.0,5.5579833984375,,,,,,,,,,,,,26.4274501800537,10.0,,,,,
11.0,Comunidad Valenciana,1975.0,5.6559553146362305,,,,,,,,,,,,,25.3052940368652,10.0,,,,,
11.0,Comunidad Valenciana,1976.0,5.761353969573975,,,,,,,,,,,,,24.5974979400635,10.0,,,,,
11.0,Comunidad Valenciana,1977.0,5.861040115356445,,,,,,,,,,,,,23.1891632080078,10.0,,,,,
11.0,Comunidad Valenciana,1978.0,5.810911178588867,,,,,,,,,,,,,22.0904788970947,10.0,,,,,
11.0,Comunidad Valenciana,1979.0,5.7754926681518555,,,,,,,,,,,,,20.7497692108154,10.0,,,,,
11.0,Comunidad Valenciana,1980.0,5.790987968444824,,,,,,,,,,,,,21.2112274169922,10.0,,,,,
11.0,Comunidad Valenciana,1981.0,5.89967155456543,,,,,,,,,,,,,19.3309440612793,10.0,,,,,
11.0,Comunidad Valenciana,1982.0,6.0181379318237305,,,,,,,,,,,,,18.8458118438721,10.0,,,,,
11.0,Comunidad Valenciana,1983.0,6.139817237854004,,,,,,,,,,,,,19.3196887969971,10.0,,,,,
11.0,Comunidad Valenciana,1984.0,6.236860752105713,,,,,,,,,,,,,17.531343460083,10.0,,,,,
11.0,Comunidad Valenciana,1985.0,6.336118221282959,,,,,,,,,,,,,17.1207828521729,10.0,,,,,
11.0,Comunidad Valenciana,1986.0,6.739360332489014,,,,,,,,,,,,,18.4207916259766,10.0,,,,,
11.0,Comunidad Valenciana,1987.0,7.144387245178223,,,,,,,,,,,,,19.7567386627197,10.0,,,,,
11.0,Comunidad Valenciana,1988.0,7.560697078704834,,,,,,,,,,,,,22.3779983520508,10.0,,,,,
11.0,Comunidad Valenciana,1989.0,7.969151496887207,,,,,,,,,,,,,23.738317489624,10.0,,,,,
11.0,Comunidad Valenciana,1990.0,8.138388633728027,,,,,,,,,,,,,24.6734676361084,10.0,,,,,
11.0,Comunidad Valenciana,1991.0,8.306198120117188,,,,,,,,,,,,,22.7543029785156,10.0,,,,,
11.0,Comunidad Valenciana,1992.0,8.080548286437988,,,,,,,,,,,,,21.4616050720215,10.0,,,,,
11.0,Comunidad Valenciana,1993.0,7.857041358947754,,,,,,,,,,,,,20.1841773986816,10.0,,,,,
11.0,Comunidad Valenciana,1994.0,8.068408966064453,,,,,,,,,,,,,20.6151676177979,10.0,,,,,
11.0,Comunidad Valenciana,1995.0,8.289060592651367,,,,,,,,,,,,,21.7886962890625,10.0,,,,,
11.0,Comunidad Valenciana,1996.0,8.429734230041504,,,,,,,,,,,,,,10.0,,,,,
11.0,Comunidad Valenciana,1997.0,8.725364685058594,,,,,,,,,,,,,,10.0,,,,,
12.0,Extremadura,1955.0,1.243430495262146,,,,,,,,,,,,,,11.0,,,,,
12.0,Extremadura,1956.0,1.332547903060913,,,,,,,,,,,,,,11.0,,,,,
12.0,Extremadura,1957.0,1.4224506616592407,,,,,,,,,,,,,,11.0,,,,,
12.0,Extremadura,1958.0,1.4402313232421875,,,,,,,,,,,,,,11.0,,,,,
12.0,Extremadura,1959.0,1.4580833911895752,,,,,,,,,,,,,,11.0,,,,,
12.0,Extremadura,1960.0,1.5358469486236572,,,,,,,,,,,,,,11.0,,,,,
12.0,Extremadura,1961.0,1.5962581634521484,46.5,1.60000002384186,10.6999998092651,7.98999977111816,26.6100006103516,6.6100001335144,,,,,,,,11.0,,,,,
12.0,Extremadura,1962.0,1.705584168434143,,,,,,,,,,,,,,11.0,,,,,
12.0,Extremadura,1963.0,1.8176950216293335,42.4500007629395,1.97000002861023,10.9700002670288,8.18000030517578,30.1299991607666,6.30999994277954,,,,,,,,11.0,,,,,
12.0,Extremadura,1964.0,1.8828192949295044,,,,,,,198.069030761719,713.536682128906,20.4298152923584,9.42423725128174,4.34637928009033,,16.0566520690918,11.0,20.94182014465332,75.44216918945312,2.1600425243377686,0.9964237809181213,0.45954230427742004
12.0,Extremadura,1965.0,1.9488718509674072,37.5800018310547,2.9300000667572,10.8599996566772,9.39000034332275,32.0,7.26000022888184,189.69157409668,703.732543945312,21.3291072845459,10.0519132614136,4.4210057258606,,18.0707759857178,11.0,20.413930892944336,75.73318481445312,2.2953624725341797,1.0817509889602661,0.4757728576660156
12.0,Extremadura,1966.0,2.0326335430145264,,,,,,,181.497375488281,695.042297363281,22.3267841339111,10.7636795043945,4.50280570983887,,18.9422512054443,11.0,19.85459327697754,76.032958984375,2.4424002170562744,1.1774742603302002,0.4925766885280609
12.0,Extremadura,1967.0,2.1176092624664307,33.0499992370605,3.13000011444092,11.0299997329712,9.25,34.1100006103516,9.43000030517578,173.483093261719,688.875,23.4936294555664,11.5677585601807,4.60787534713745,,21.0937271118164,11.0,19.232576370239258,76.36963653564453,2.604536294937134,1.2824177742004395,0.5108354687690735
12.0,Extremadura,1968.0,2.2455012798309326,,,,,,,165.645462036133,681.676818847656,26.7379055023193,12.4326190948486,4.6397008895874,,23.2899532318115,11.0,18.58819580078125,76.49555969238281,3.000441074371338,1.3951481580734253,0.520652174949646
12.0,Extremadura,1969.0,2.381962299346924,30.1599998474121,3.59999990463257,10.8699998855591,9.03999996185303,35.75,10.5799999237061,157.981262207031,674.467956542969,29.9734573364258,13.3898468017578,4.90563201904297,28.9699993133545,23.9835433959961,11.0,17.93777847290039,76.58158874511719,3.4032974243164062,1.5203328132629395,0.5570036172866821
12.0,Extremadura,1970.0,2.5184948444366455,,,,,,,,,,,,,21.9763240814209,11.0,,,,,
12.0,Extremadura,1971.0,2.6540274620056152,,,,,,,,,,,,,20.9220218658447,11.0,,,,,
12.0,Extremadura,1972.0,2.8464009761810303,,,,,,,,,,,,,21.5212917327881,11.0,,,,,
12.0,Extremadura,1973.0,3.0456299781799316,,,,,,,,,,,,,23.5006084442139,11.0,,,,,
12.0,Extremadura,1974.0,3.103041887283325,,,,,,,,,,,,,22.9990043640137,11.0,,,,,
12.0,Extremadura,1975.0,3.15674090385437,,,,,,,,,,,,,23.8751811981201,11.0,,,,,
12.0,Extremadura,1976.0,3.2625679969787598,,,,,,,,,,,,,25.0869369506836,11.0,,,,,
12.0,Extremadura,1977.0,3.3653955459594727,,,,,,,,,,,,,24.5106010437012,11.0,,,,,
12.0,Extremadura,1978.0,3.487075090408325,,,,,,,,,,,,,26.2648887634277,11.0,,,,,
12.0,Extremadura,1979.0,3.515852451324463,,,,,,,,,,,,,25.247013092041,11.0,,,,,
12.0,Extremadura,1980.0,3.539560079574585,,,,,,,,,,,,,36.3258094787598,11.0,,,,,
12.0,Extremadura,1981.0,3.5727648735046387,,,,,,,,,,,,,39.4098014831543,11.0,,,,,
12.0,Extremadura,1982.0,3.6109683513641357,,,,,,,,,,,,,36.0924377441406,11.0,,,,,
12.0,Extremadura,1983.0,3.6489574909210205,,,,,,,,,,,,,28.8806972503662,11.0,,,,,
12.0,Extremadura,1984.0,3.7371463775634766,,,,,,,,,,,,,28.9459609985352,11.0,,,,,
12.0,Extremadura,1985.0,3.828477621078491,,,,,,,,,,,,,24.619384765625,11.0,,,,,
12.0,Extremadura,1986.0,4.161739349365234,,,,,,,,,,,,,26.492696762085,11.0,,,,,
12.0,Extremadura,1987.0,4.498571872711182,,,,,,,,,,,,,23.0931091308594,11.0,,,,,
12.0,Extremadura,1988.0,4.769494533538818,,,,,,,,,,,,,23.0579814910889,11.0,,,,,
12.0,Extremadura,1989.0,5.0514140129089355,,,,,,,,,,,,,25.2050437927246,11.0,,,,,
12.0,Extremadura,1990.0,5.234076023101807,,,,,,,,,,,,,27.0556392669678,11.0,,,,,
12.0,Extremadura,1991.0,5.398314476013184,,,,,,,,,,,,,29.6530513763428,11.0,,,,,
12.0,Extremadura,1992.0,5.365467071533203,,,,,,,,,,,,,28.14089012146,11.0,,,,,
12.0,Extremadura,1993.0,5.332619667053223,,,,,,,,,,,,,24.5728073120117,11.0,,,,,
12.0,Extremadura,1994.0,5.439874172210693,,,,,,,,,,,,,21.8011627197266,11.0,,,,,
12.0,Extremadura,1995.0,5.501356601715088,,,,,,,,,,,,,24.2228889465332,11.0,,,,,
12.0,Extremadura,1996.0,5.905812740325928,,,,,,,,,,,,,,11.0,,,,,
12.0,Extremadura,1997.0,6.224578857421875,,,,,,,,,,,,,,11.0,,,,,
13.0,Galicia,1955.0,1.6346757411956787,,,,,,,,,,,,,,12.0,,,,,
13.0,Galicia,1956.0,1.7255783081054688,,,,,,,,,,,,,,12.0,,,,,
13.0,Galicia,1957.0,1.8164809942245483,,,,,,,,,,,,,,12.0,,,,,
13.0,Galicia,1958.0,1.84090256690979,,,,,,,,,,,,,,12.0,,,,,
13.0,Galicia,1959.0,1.8653956651687622,,,,,,,,,,,,,,12.0,,,,,
13.0,Galicia,1960.0,1.983290433883667,,,,,,,,,,,,,,12.0,,,,,
13.0,Galicia,1961.0,2.005784273147583,33.25,5.26000022888184,17.4400005340576,5.82999992370605,31.4099998474121,6.80999994277954,,,,,,,,12.0,,,,,
13.0,Galicia,1962.0,2.1856610774993896,,,,,,,,,,,,,,12.0,,,,,
13.0,Galicia,1963.0,2.3663954734802246,32.3800010681152,5.23999977111816,17.4400005340576,6.44000005722046,32.4300003051758,6.07000017166138,,,,,,,,12.0,,,,,
13.0,Galicia,1964.0,2.4587974548339844,,,,,,,235.295440673828,1684.7021484375,63.6056671142578,25.5104503631592,13.0256786346436,,15.5867547988892,12.0,11.635965347290039,83.31285858154297,3.1454639434814453,1.2615574598312378,0.644153356552124
13.0,Galicia,1965.0,2.5497000217437744,29.1700000762939,5.32999992370605,17.8400001525879,7.40000009536743,33.6300010681152,6.65000009536743,235.123489379883,1674.84020996094,67.2105178833008,26.8081111907959,13.1926946640015,,19.1050872802734,12.0,11.65607738494873,83.02899932861328,3.3319129943847656,1.3289928436279297,0.6540183424949646
13.0,Galicia,1966.0,2.669665813446045,,,,,,,234.916793823242,1667.1708984375,71.2246398925781,28.2892608642578,13.3779163360596,,21.5290145874023,12.0,11.658520698547363,82.73885345458984,3.534757614135742,1.4039478302001953,0.6639232039451599
13.0,Galicia,1967.0,2.787846326828003,26.5300006866455,5.17999982833862,18.2299995422363,7.3600001335144,34.7900009155273,7.92000007629395,234.676239013672,1664.88940429688,75.8933563232422,29.9673519134521,13.6285676956177,,22.2095241546631,12.0,11.62307357788086,82.45884704589844,3.7588553428649902,1.4842267036437988,0.6749973893165588
13.0,Galicia,1968.0,2.978363275527954,,,,,,,234.402770996094,1658.34289550781,87.4872055053711,31.753547668457,13.6594495773315,,22.6949615478516,12.0,11.571754455566406,81.86736297607422,4.318978309631348,1.5675764083862305,0.6743256449699402
13.0,Galicia,1969.0,3.177377939224243,22.9799995422363,5.63000011444092,18.4599990844727,8.13000011444092,36.310001373291,8.48999977111816,234.097274780273,1651.63696289062,99.365478515625,33.7229232788086,14.3740549087524,91.0199966430664,22.5122718811035,12.0,11.513754844665527,81.23350524902344,4.887155532836914,1.6586159467697144,0.7069682478904724
13.0,Galicia,1970.0,3.3619680404663086,,,,,,,,,,,,,21.0963020324707,12.0,,,,,
13.0,Galicia,1971.0,3.534775733947754,,,,,,,,,,,,,21.0592098236084,12.0,,,,,
13.0,Galicia,1972.0,3.7832047939300537,,,,,,,,,,,,,22.6944522857666,12.0,,,,,
13.0,Galicia,1973.0,4.029991149902344,,,,,,,,,,,,,23.0349578857422,12.0,,,,,
13.0,Galicia,1974.0,4.132390975952148,,,,,,,,,,,,,24.3730659484863,12.0,,,,,
13.0,Galicia,1975.0,4.231005668640137,,,,,,,,,,,,,21.5215072631836,12.0,,,,,
13.0,Galicia,1976.0,4.359040260314941,,,,,,,,,,,,,22.5404987335205,12.0,,,,,
13.0,Galicia,1977.0,4.485646724700928,,,,,,,,,,,,,22.460054397583,12.0,,,,,
13.0,Galicia,1978.0,4.521708011627197,,,,,,,,,,,,,20.8565540313721,12.0,,,,,
13.0,Galicia,1979.0,4.557483673095703,,,,,,,,,,,,,19.8971176147461,12.0,,,,,
13.0,Galicia,1980.0,4.581690788269043,,,,,,,,,,,,,21.4147644042969,12.0,,,,,
13.0,Galicia,1981.0,4.6187520027160645,,,,,,,,,,,,,22.2603149414062,12.0,,,,,
13.0,Galicia,1982.0,4.71079683303833,,,,,,,,,,,,,18.9320793151855,12.0,,,,,
13.0,Galicia,1983.0,4.806341171264648,,,,,,,,,,,,,17.9381408691406,12.0,,,,,
13.0,Galicia,1984.0,4.8993144035339355,,,,,,,,,,,,,19.6235446929932,12.0,,,,,
13.0,Galicia,1985.0,4.997786521911621,,,,,,,,,,,,,21.136173248291,12.0,,,,,
13.0,Galicia,1986.0,5.277920722961426,,,,,,,,,,,,,17.2311058044434,12.0,,,,,
13.0,Galicia,1987.0,5.56576681137085,,,,,,,,,,,,,17.396068572998,12.0,,,,,
13.0,Galicia,1988.0,5.9095258712768555,,,,,,,,,,,,,18.4397640228271,12.0,,,,,
13.0,Galicia,1989.0,6.2544989585876465,,,,,,,,,,,,,20.4401321411133,12.0,,,,,
13.0,Galicia,1990.0,6.453227996826172,,,,,,,,,,,,,21.5044841766357,12.0,,,,,
13.0,Galicia,1991.0,6.641602516174316,,,,,,,,,,,,,21.5099925994873,12.0,,,,,
13.0,Galicia,1992.0,6.544486999511719,,,,,,,,,,,,,21.2633037567139,12.0,,,,,
13.0,Galicia,1993.0,6.44751501083374,,,,,,,,,,,,,20.2256679534912,12.0,,,,,
13.0,Galicia,1994.0,6.556483745574951,,,,,,,,,,,,,20.7619285583496,12.0,,,,,
13.0,Galicia,1995.0,6.688660144805908,,,,,,,,,,,,,22.0208110809326,12.0,,,,,
13.0,Galicia,1996.0,6.862468242645264,,,,,,,,,,,,,,12.0,,,,,
13.0,Galicia,1997.0,7.138531684875488,,,,,,,,,,,,,,12.0,,,,,
14.0,Madrid (Comunidad De),1955.0,4.594472885131836,,,,,,,,,,,,,,13.0,,,,,
14.0,Madrid (Comunidad De),1956.0,4.786632537841797,,,,,,,,,,,,,,13.0,,,,,
14.0,Madrid (Comunidad De),1957.0,4.963438987731934,,,,,,,,,,,,,,13.0,,,,,
14.0,Madrid (Comunidad De),1958.0,4.906169414520264,,,,,,,,,,,,,,13.0,,,,,
14.0,Madrid (Comunidad De),1959.0,4.846401214599609,,,,,,,,,,,,,,13.0,,,,,
14.0,Madrid (Comunidad De),1960.0,5.161097049713135,,,,,,,,,,,,,,13.0,,,,,
14.0,Madrid (Comunidad De),1961.0,5.632604598999023,2.41000008583069,2.45000004768372,23.0799999237061,8.14000034332275,53.3699989318848,10.5600004196167,,,,,,,,13.0,,,,,
14.0,Madrid (Comunidad De),1962.0,5.840831279754639,,,,,,,,,,,,,,13.0,,,,,
14.0,Madrid (Comunidad De),1963.0,6.0244927406311035,2.35999989509583,2.19000005722046,23.1900005340576,8.23999977111816,54.7400016784668,9.27999973297119,,,,,,,,13.0,,,,,
14.0,Madrid (Comunidad De),1964.0,6.099328994750977,,,,,,,122.863471984863,1709.73864746094,220.303680419922,55.36328125,51.7932586669922,,14.7288694381714,13.0,5.687959671020508,79.15228271484375,10.19895076751709,2.5630409717559814,2.3977668285369873
14.0,Madrid (Comunidad De),1965.0,6.1520280838012695,1.76999998092651,2.07999992370605,24.9300003051758,8.67000007629395,51.7000007629395,10.8500003814697,127.15397644043,1765.89123535156,233.303817749023,57.7607727050781,53.8703651428223,,15.7073917388916,13.0,5.681639671325684,78.90557861328125,10.424748420715332,2.580933094024658,2.407097578048706
14.0,Madrid (Comunidad De),1966.0,6.11046838760376,,,,,,,131.313262939453,1826.0283203125,247.787292480469,60.510440826416,56.1019859313965,,16.8277263641357,13.0,5.65580940246582,78.64908599853516,10.672476768493652,2.606252670288086,2.4163753986358643
14.0,Madrid (Comunidad De),1967.0,6.0573410987854,1.46000003814697,1.87000000476837,24.2800006866455,8.56999969482422,51.8199996948242,12.0100002288818,135.343994140625,1893.69494628906,264.619781494141,63.6322860717773,58.7012596130371,,16.7447471618652,13.0,5.602004528045654,78.38166809082031,10.952840805053711,2.6337952613830566,2.4296958446502686
14.0,Madrid (Comunidad De),1968.0,6.2531418800354,,,,,,,139.248809814453,1944.68811035156,305.730285644531,66.9298782348633,60.433292388916,,15.9584579467773,13.0,5.532266139984131,77.26121520996094,12.146468162536621,2.659081220626831,2.4009759426116943
14.0,Madrid (Comunidad De),1969.0,6.435589790344238,1.32000005245209,1.77999997138977,23.6900005340576,8.17000007629395,51.939998626709,13.1099996566772,143.030258178711,1996.40441894531,348.025024414062,70.555290222168,65.3297500610352,442.450012207031,17.4400634765625,13.0,5.452209949493408,76.10148620605469,13.266461372375488,2.689516544342041,2.4903228282928467
14.0,Madrid (Comunidad De),1970.0,6.543344974517822,,,,,,,,,,,,,19.7359714508057,13.0,,,,,
14.0,Madrid (Comunidad De),1971.0,6.6747355461120605,,,,,,,,,,,,,16.3634643554688,13.0,,,,,
14.0,Madrid (Comunidad De),1972.0,7.086904048919678,,,,,,,,,,,,,17.7570724487305,13.0,,,,,
14.0,Madrid (Comunidad De),1973.0,7.4750075340271,,,,,,,,,,,,,19.0428199768066,13.0,,,,,
14.0,Madrid (Comunidad De),1974.0,7.655669689178467,,,,,,,,,,,,,18.3821659088135,13.0,,,,,
14.0,Madrid (Comunidad De),1975.0,7.816338062286377,,,,,,,,,,,,,16.2960662841797,13.0,,,,,
14.0,Madrid (Comunidad De),1976.0,7.7070841789245605,,,,,,,,,,,,,14.8248138427734,13.0,,,,,
14.0,Madrid (Comunidad De),1977.0,7.599971771240234,,,,,,,,,,,,,15.1333360671997,13.0,,,,,
14.0,Madrid (Comunidad De),1978.0,7.390031814575195,,,,,,,,,,,,,14.932092666626,13.0,,,,,
14.0,Madrid (Comunidad De),1979.0,7.321479797363281,,,,,,,,,,,,,14.4670705795288,13.0,,,,,
14.0,Madrid (Comunidad De),1980.0,7.417166233062744,,,,,,,,,,,,,12.1411733627319,13.0,,,,,
14.0,Madrid (Comunidad De),1981.0,7.532134056091309,,,,,,,,,,,,,10.5835418701172,13.0,,,,,
14.0,Madrid (Comunidad De),1982.0,7.542845249176025,,,,,,,,,,,,,11.082971572876,13.0,,,,,
14.0,Madrid (Comunidad De),1983.0,7.558554649353027,,,,,,,,,,,,,10.7892055511475,13.0,,,,,
14.0,Madrid (Comunidad De),1984.0,7.699228286743164,,,,,,,,,,,,,9.3316707611084,13.0,,,,,
14.0,Madrid (Comunidad De),1985.0,7.839189052581787,,,,,,,,,,,,,10.2985944747925,13.0,,,,,
14.0,Madrid (Comunidad De),1986.0,8.347615242004395,,,,,,,,,,,,,11.6767740249634,13.0,,,,,
14.0,Madrid (Comunidad De),1987.0,8.849615097045898,,,,,,,,,,,,,12.7537307739258,13.0,,,,,
14.0,Madrid (Comunidad De),1988.0,9.254498481750488,,,,,,,,,,,,,13.9098491668701,13.0,,,,,
14.0,Madrid (Comunidad De),1989.0,9.657955169677734,,,,,,,,,,,,,15.5876665115356,13.0,,,,,
14.0,Madrid (Comunidad De),1990.0,9.80648422241211,,,,,,,,,,,,,15.4658737182617,13.0,,,,,
14.0,Madrid (Comunidad De),1991.0,9.963582038879395,,,,,,,,,,,,,16.876277923584,13.0,,,,,
14.0,Madrid (Comunidad De),1992.0,9.840045928955078,,,,,,,,,,,,,16.3416538238525,13.0,,,,,
14.0,Madrid (Comunidad De),1993.0,9.71865177154541,,,,,,,,,,,,,15.5834465026855,13.0,,,,,
14.0,Madrid (Comunidad De),1994.0,9.882176399230957,,,,,,,,,,,,,17.076150894165,13.0,,,,,
14.0,Madrid (Comunidad De),1995.0,10.098543167114258,,,,,,,,,,,,,17.1340103149414,13.0,,,,,
14.0,Madrid (Comunidad De),1996.0,10.32276439666748,,,,,,,,,,,,,,13.0,,,,,
14.0,Madrid (Comunidad De),1997.0,10.732647895812988,,,,,,,,,,,,,,13.0,,,,,
15.0,Murcia (Region de),1955.0,1.6795201301574707,,,,,,,,,,,,,,14.0,,,,,
15.0,Murcia (Region de),1956.0,1.7642816305160522,,,,,,,,,,,,,,14.0,,,,,
15.0,Murcia (Region de),1957.0,1.8503284454345703,,,,,,,,,,,,,,14.0,,,,,
15.0,Murcia (Region de),1958.0,1.8873893022537231,,,,,,,,,,,,,,14.0,,,,,
15.0,Murcia (Region de),1959.0,1.924093246459961,,,,,,,,,,,,,,14.0,,,,,
15.0,Murcia (Region de),1960.0,2.1186089515686035,,,,,,,,,,,,,,14.0,,,,,
15.0,Murcia (Region de),1961.0,2.3054840564727783,23.8500003814697,9.85999965667725,19.4699993133545,5.23999977111816,34.7099990844727,6.88000011444092,,,,,,,,14.0,,,,,
15.0,Murcia (Region de),1962.0,2.5214223861694336,,,,,,,,,,,,,,14.0,,,,,
15.0,Murcia (Region de),1963.0,2.739074468612671,22.3400001525879,9.40999984741211,19.8899993896484,5.73999977111816,35.8199996948242,6.78999996185303,,,,,,,,14.0,,,,,
15.0,Murcia (Region de),1964.0,2.851256847381592,,,,,,,110.026252746582,429.20654296875,24.4162006378174,8.23727226257324,4.22677516937256,,16.8633575439453,14.0,19.098031997680664,74.50040435791016,4.238091945648193,1.429801344871521,0.7336711287498474
15.0,Murcia (Region de),1965.0,2.9659383296966553,18.5200004577637,11.1999998092651,19.8099994659424,6.51000022888184,36.2299995422363,7.73999977111816,108.333282470703,429.5390625,25.2321701049805,8.52175331115723,4.29338550567627,,18.2309856414795,14.0,18.810483932495117,74.5831527709961,4.381196022033691,1.479677438735962,0.7454833984375
15.0,Murcia (Region de),1966.0,3.0991859436035156,,,,,,,106.665687561035,430.465148925781,26.1326198577881,8.85069179534912,4.36662483215332,,24.4878005981445,14.0,18.502904891967773,74.67120361328125,4.533129692077637,1.53529691696167,0.7574623823165894
15.0,Murcia (Region de),1967.0,3.22729229927063,17.3700008392334,10.7700004577637,18.8600006103516,6.36999988555908,36.939998626709,9.69999980926514,105.023094177246,432.902587890625,27.1941242218018,9.22547721862793,4.46204042434692,,24.7873210906982,14.0,18.144742965698242,74.79217529296875,4.698303699493408,1.5938770771026611,0.7709025740623474
15.0,Murcia (Region de),1968.0,3.461153984069824,,,,,,,103.405128479004,433.731048583984,30.591402053833,9.61625862121582,4.48619937896729,,19.002290725708,14.0,17.77239418029785,74.54600524902344,5.2577900886535645,1.6527608633041382,0.7710498571395874
15.0,Murcia (Region de),1969.0,3.70615553855896,14.6800003051758,9.89999961853027,20.1900005340576,7.59000015258789,37.189998626709,10.4499998092651,101.81143951416,434.636444091797,33.8780860900879,10.0437860488892,4.73614072799683,73.3600006103516,20.8658714294434,14.0,17.400514602661133,74.28337860107422,5.7900776863098145,1.7165757417678833,0.8094502091407776
15.0,Murcia (Region de),1970.0,3.906383752822876,,,,,,,,,,,,,21.7672672271729,14.0,,,,,
15.0,Murcia (Region de),1971.0,4.086475372314453,,,,,,,,,,,,,21.0152168273926,14.0,,,,,
15.0,Murcia (Region de),1972.0,4.379462718963623,,,,,,,,,,,,,21.2000560760498,14.0,,,,,
15.0,Murcia (Region de),1973.0,4.666952133178711,,,,,,,,,,,,,23.0234603881836,14.0,,,,,
15.0,Murcia (Region de),1974.0,4.697800636291504,,,,,,,,,,,,,24.4522171020508,14.0,,,,,
15.0,Murcia (Region de),1975.0,4.722722053527832,,,,,,,,,,,,,22.6638603210449,14.0,,,,,
15.0,Murcia (Region de),1976.0,4.7843475341796875,,,,,,,,,,,,,22.5997066497803,14.0,,,,,
15.0,Murcia (Region de),1977.0,4.844544410705566,,,,,,,,,,,,,22.6332473754883,14.0,,,,,
15.0,Murcia (Region de),1978.0,4.864610195159912,,,,,,,,,,,,,21.8282051086426,14.0,,,,,
15.0,Murcia (Region de),1979.0,4.836403846740723,,,,,,,,,,,,,21.6917476654053,14.0,,,,,
15.0,Murcia (Region de),1980.0,4.763210296630859,,,,,,,,,,,,,21.4614429473877,14.0,,,,,
15.0,Murcia (Region de),1981.0,4.708083629608154,,,,,,,,,,,,,21.5449638366699,14.0,,,,,
15.0,Murcia (Region de),1982.0,4.8111252784729,,,,,,,,,,,,,21.812520980835,14.0,,,,,
15.0,Murcia (Region de),1983.0,4.906883716583252,,,,,,,,,,,,,20.5108871459961,14.0,,,,,
15.0,Murcia (Region de),1984.0,5.031991004943848,,,,,,,,,,,,,17.9793586730957,14.0,,,,,
15.0,Murcia (Region de),1985.0,5.154598712921143,,,,,,,,,,,,,18.2883014678955,14.0,,,,,
15.0,Murcia (Region de),1986.0,5.471508026123047,,,,,,,,,,,,,19.2614326477051,14.0,,,,,
15.0,Murcia (Region de),1987.0,5.788560390472412,,,,,,,,,,,,,21.5431385040283,14.0,,,,,
15.0,Murcia (Region de),1988.0,6.124892711639404,,,,,,,,,,,,,23.6007595062256,14.0,,,,,
15.0,Murcia (Region de),1989.0,6.450442790985107,,,,,,,,,,,,,26.3808155059814,14.0,,,,,
15.0,Murcia (Region de),1990.0,6.578192234039307,,,,,,,,,,,,,27.4517707824707,14.0,,,,,
15.0,Murcia (Region de),1991.0,6.7103681564331055,,,,,,,,,,,,,25.5779037475586,14.0,,,,,
15.0,Murcia (Region de),1992.0,6.662881851196289,,,,,,,,,,,,,23.1358852386475,14.0,,,,,
15.0,Murcia (Region de),1993.0,6.616323947906494,,,,,,,,,,,,,21.1626472473145,14.0,,,,,
15.0,Murcia (Region de),1994.0,6.784847259521484,,,,,,,,,,,,,21.1073265075684,14.0,,,,,
15.0,Murcia (Region de),1995.0,6.885818004608154,,,,,,,,,,,,,23.9480438232422,14.0,,,,,
15.0,Murcia (Region de),1996.0,7.045415878295898,,,,,,,,,,,,,,14.0,,,,,
15.0,Murcia (Region de),1997.0,7.295058250427246,,,,,,,,,,,,,,14.0,,,,,
16.0,Navarra (Comunidad Foral De),1955.0,2.5551271438598633,,,,,,,,,,,,,,15.0,,,,,
16.0,Navarra (Comunidad Foral De),1956.0,2.698157787322998,,,,,,,,,,,,,,15.0,,,,,
16.0,Navarra (Comunidad Foral De),1957.0,2.839831590652466,,,,,,,,,,,,,,15.0,,,,,
16.0,Navarra (Comunidad Foral De),1958.0,2.8818907737731934,,,,,,,,,,,,,,15.0,,,,,
16.0,Navarra (Comunidad Foral De),1959.0,2.9308769702911377,,,,,,,,,,,,,,15.0,,,,,
16.0,Navarra (Comunidad Foral De),1960.0,3.163524627685547,,,,,,,,,,,,,,15.0,,,,,
16.0,Navarra (Comunidad Foral De),1961.0,3.335904121398926,29.2399997711182,3.45000004768372,24.7199993133545,6.23000001907349,29.9099998474121,6.44999980926514,,,,,,,,15.0,,,,,
16.0,Navarra (Comunidad Foral De),1962.0,3.6233932971954346,,,,,,,,,,,,,,15.0,,,,,
16.0,Navarra (Comunidad Foral De),1963.0,3.894815683364868,29.7900009155273,2.79999995231628,26.0400009155273,6.46000003814697,29.5400009155273,5.36999988555908,,,,,,,,15.0,,,,,
16.0,Navarra (Comunidad Foral De),1964.0,3.98514723777771,,,,,,,13.3898134231567,274.247863769531,15.8491640090942,5.54356098175049,3.86828541755676,,19.1858196258545,15.0,4.279280662536621,87.64749908447266,5.06527042388916,1.7716792821884155,1.2362741231918335
16.0,Navarra (Comunidad Foral De),1965.0,4.072978973388672,24.3999996185303,2.6800000667572,28.8500003814697,7.34999990463257,30.5699996948242,6.15999984741211,13.4128046035767,276.363555908203,17.1040096282959,5.88534259796143,3.97963047027588,,21.209753036499,15.0,4.234570503234863,87.25102996826172,5.3999247550964355,1.8580676317214966,1.2564133405685425
16.0,Navarra (Comunidad Foral De),1966.0,4.2100114822387695,,,,,,,13.4329719543457,278.747283935547,18.5064468383789,6.27357196807861,4.09997081756592,,19.8447246551514,15.0,4.18394136428833,86.82086944580078,5.764166355133057,1.9540170431137085,1.2770098447799683
16.0,Navarra (Comunidad Foral De),1967.0,4.3523993492126465,22.5200004577637,2.35999989509583,29.8199996948242,7.09000015258789,30.7600002288818,7.44999980926514,13.4503841400146,281.893890380859,20.1286563873291,6.71248388290405,4.24443912506104,,17.9839763641357,15.0,4.120451927185059,86.35665130615234,6.166304111480713,2.05633282661438,1.3002607822418213
16.0,Navarra (Comunidad Foral De),1968.0,4.556983470916748,,,,,,,13.4651098251343,283.630767822266,23.6790332794189,7.18329238891602,4.32393074035645,,18.7410049438477,15.0,4.05231237411499,85.35841369628906,7.126183032989502,2.1618051528930664,1.3012828826904297
16.0,Navarra (Comunidad Foral De),1969.0,4.76570987701416,17.5699996948242,2.41000008583069,32.560001373291,7.78000020980835,31.5599994659424,8.11999988555908,13.4772138595581,285.131011962891,27.4383029937744,7.70386505126953,4.62594985961914,44.1699981689453,22.7656745910645,15.0,3.9829065799713135,84.26446533203125,8.10881233215332,2.276715040206909,1.367102026939392
16.0,Navarra (Comunidad Foral De),1970.0,4.979434490203857,,,,,,,,,,,,,22.24440574646,15.0,,,,,
16.0,Navarra (Comunidad Foral De),1971.0,5.199656963348389,,,,,,,,,,,,,19.5905246734619,15.0,,,,,
16.0,Navarra (Comunidad Foral De),1972.0,5.466795444488525,,,,,,,,,,,,,20.1721096038818,15.0,,,,,
16.0,Navarra (Comunidad Foral De),1973.0,5.730505466461182,,,,,,,,,,,,,22.518383026123,15.0,,,,,
16.0,Navarra (Comunidad Foral De),1974.0,5.984789848327637,,,,,,,,,,,,,25.0085678100586,15.0,,,,,
16.0,Navarra (Comunidad Foral De),1975.0,6.222936630249023,,,,,,,,,,,,,27.484489440918,15.0,,,,,
16.0,Navarra (Comunidad Foral De),1976.0,6.29777193069458,,,,,,,,,,,,,27.7473335266113,15.0,,,,,
16.0,Navarra (Comunidad Foral De),1977.0,6.384461879730225,,,,,,,,,,,,,24.1056308746338,15.0,,,,,
16.0,Navarra (Comunidad Foral De),1978.0,6.324193000793457,,,,,,,,,,,,,22.790994644165,15.0,,,,,
16.0,Navarra (Comunidad Foral De),1979.0,6.239645957946777,,,,,,,,,,,,,22.8123836517334,15.0,,,,,
16.0,Navarra (Comunidad Foral De),1980.0,6.20844030380249,,,,,,,,,,,,,19.2924785614014,15.0,,,,,
16.0,Navarra (Comunidad Foral De),1981.0,6.177877902984619,,,,,,,,,,,,,16.8062381744385,15.0,,,,,
16.0,Navarra (Comunidad Foral De),1982.0,6.362039566040039,,,,,,,,,,,,,15.8658895492554,15.0,,,,,
16.0,Navarra (Comunidad Foral De),1983.0,6.54470157623291,,,,,,,,,,,,,14.9711418151855,15.0,,,,,
16.0,Navarra (Comunidad Foral De),1984.0,6.797200679779053,,,,,,,,,,,,,13.3959035873413,15.0,,,,,
16.0,Navarra (Comunidad Foral De),1985.0,7.04777193069458,,,,,,,,,,,,,15.864387512207,15.0,,,,,
16.0,Navarra (Comunidad Foral De),1986.0,7.4492998123168945,,,,,,,,,,,,,17.9428825378418,15.0,,,,,
16.0,Navarra (Comunidad Foral De),1987.0,7.879177570343018,,,,,,,,,,,,,19.5691547393799,15.0,,,,,
16.0,Navarra (Comunidad Foral De),1988.0,8.349757194519043,,,,,,,,,,,,,20.5950679779053,15.0,,,,,
16.0,Navarra (Comunidad Foral De),1989.0,8.803913116455078,,,,,,,,,,,,,22.3473205566406,15.0,,,,,
16.0,Navarra (Comunidad Foral De),1990.0,9.197372436523438,,,,,,,,,,,,,23.6747093200684,15.0,,,,,
16.0,Navarra (Comunidad Foral De),1991.0,9.591545104980469,,,,,,,,,,,,,23.5686073303223,15.0,,,,,
16.0,Navarra (Comunidad Foral De),1992.0,9.345187187194824,,,,,,,,,,,,,25.5794525146484,15.0,,,,,
16.0,Navarra (Comunidad Foral De),1993.0,9.117395401000977,,,,,,,,,,,,,23.4554958343506,15.0,,,,,
16.0,Navarra (Comunidad Foral De),1994.0,9.36589527130127,,,,,,,,,,,,,25.159740447998,15.0,,,,,
16.0,Navarra (Comunidad Foral De),1995.0,9.75864028930664,,,,,,,,,,,,,25.0543174743652,15.0,,,,,
16.0,Navarra (Comunidad Foral De),1996.0,10.060697555541992,,,,,,,,,,,,,,15.0,,,,,
16.0,Navarra (Comunidad Foral De),1997.0,10.52270793914795,,,,,,,,,,,,,,15.0,,,,,
4.0,Principado De Asturias,1955.0,2.502927780151367,,,,,,,,,,,,,,16.0,,,,,
4.0,Principado De Asturias,1956.0,2.6155383586883545,,,,,,,,,,,,,,16.0,,,,,
4.0,Principado De Asturias,1957.0,2.725792646408081,,,,,,,,,,,,,,16.0,,,,,
4.0,Principado De Asturias,1958.0,2.751856565475464,,,,,,,,,,,,,,16.0,,,,,
4.0,Principado De Asturias,1959.0,2.77742075920105,,,,,,,,,,,,,,16.0,,,,,
4.0,Principado De Asturias,1960.0,2.9672951698303223,,,,,,,,,,,,,,16.0,,,,,
4.0,Principado De Asturias,1961.0,3.1438872814178467,14.1199998855591,21.3600006103516,22.0799999237061,9.02999973297119,28.4599990844727,4.94999980926514,,,,,,,,16.0,,,,,
4.0,Principado De Asturias,1962.0,3.3735361099243164,,,,,,,,,,,,,,16.0,,,,,
4.0,Principado De Asturias,1963.0,3.5972580909729004,15.1700000762939,19.0400009155273,22.3600006103516,8.96000003814697,29.7099990844727,4.76999998092651,,,,,,,,16.0,,,,,
4.0,Principado De Asturias,1964.0,3.672593593597412,,,,,,,29.012674331665,668.60009765625,37.5539970397949,12.8383855819702,5.93828773498535,,21.048454284668,16.0,3.848123550415039,88.68040466308594,4.9810099601745605,1.7028313875198364,0.7876304388046265
4.0,Principado De Asturias,1965.0,3.743358850479126,12.1000003814697,18.4699993133545,24.4099998474121,9.5600004196167,30.0300006866455,5.42999982833862,30.0442886352539,668.96533203125,39.8879127502441,13.5026836395264,6.10620307922363,,22.6595020294189,16.0,3.960980176925659,88.19507598876953,5.258744239807129,1.7801673412322998,0.8050298690795898
4.0,Principado De Asturias,1966.0,3.9093828201293945,,,,,,,31.0444412231445,670.01220703125,42.4897613525391,14.2605600357056,6.28775262832642,,22.340934753418,16.0,4.0629048347473145,87.68705749511719,5.560797691345215,1.866334080696106,0.822902262210846
4.0,Principado De Asturias,1967.0,4.073122024536133,10.5600004196167,18.3099994659424,24.7999992370605,8.68000030517578,31.1700000762939,6.48000001907349,32.0137672424316,672.922668457031,45.5107574462891,15.1190309524536,6.50611162185669,,21.4814567565918,16.0,4.146472454071045,87.1579818725586,5.894623756408691,1.958240270614624,0.8426816463470459
4.0,Principado De Asturias,1968.0,4.308626174926758,,,,,,,32.9529037475586,672.704772949219,52.7372436523438,16.0334854125977,6.62471008300781,,23.0380535125732,16.0,4.2190351486206055,86.12791442871094,6.752068996429443,2.0528035163879395,0.8481766581535339
4.0,Principado De Asturias,1969.0,4.5497002601623535,9.85999965667725,16.0599994659424,26.9799995422363,8.80000019073486,31.3899993896484,6.90999984741211,33.8624610900879,672.251281738281,60.2112197875977,17.0420017242432,7.08396434783936,98.7399978637695,26.0494537353516,16.0,4.283942222595215,85.04655456542969,7.617325305938721,2.155984878540039,0.8961927890777588
4.0,Principado De Asturias,1970.0,4.63160514831543,,,,,,,,,,,,,23.9371795654297,16.0,,,,,
4.0,Principado De Asturias,1971.0,4.699657440185547,,,,,,,,,,,,,21.7478637695312,16.0,,,,,
4.0,Principado De Asturias,1972.0,5.022564888000488,,,,,,,,,,,,,21.0096817016602,16.0,,,,,
4.0,Principado De Asturias,1973.0,5.345615386962891,,,,,,,,,,,,,22.8314018249512,16.0,,,,,
4.0,Principado De Asturias,1974.0,5.502499103546143,,,,,,,,,,,,,24.3478260040283,16.0,,,,,
4.0,Principado De Asturias,1975.0,5.651956558227539,,,,,,,,,,,,,23.0620956420898,16.0,,,,,
4.0,Principado De Asturias,1976.0,5.592259407043457,,,,,,,,,,,,,20.9734210968018,16.0,,,,,
4.0,Principado De Asturias,1977.0,5.538703441619873,,,,,,,,,,,,,22.2392463684082,16.0,,,,,
4.0,Principado De Asturias,1978.0,5.614610195159912,,,,,,,,,,,,,19.3666744232178,16.0,,,,,
4.0,Principado De Asturias,1979.0,5.704298973083496,,,,,,,,,,,,,18.1282520294189,16.0,,,,,
4.0,Principado De Asturias,1980.0,5.7969865798950195,,,,,,,,,,,,,16.1302757263184,16.0,,,,,
4.0,Principado De Asturias,1981.0,5.935661315917969,,,,,,,,,,,,,15.4835338592529,16.0,,,,,
4.0,Principado De Asturias,1982.0,5.849757194519043,,,,,,,,,,,,,17.848123550415,16.0,,,,,
4.0,Principado De Asturias,1983.0,5.769066333770752,,,,,,,,,,,,,17.3350830078125,16.0,,,,,
4.0,Principado De Asturias,1984.0,5.887318134307861,,,,,,,,,,,,,15.7501068115234,16.0,,,,,
4.0,Principado De Asturias,1985.0,6.011282444000244,,,,,,,,,,,,,16.3055534362793,16.0,,,,,
4.0,Principado De Asturias,1986.0,6.234789848327637,,,,,,,,,,,,,19.2548580169678,16.0,,,,,
4.0,Principado De Asturias,1987.0,6.465295791625977,,,,,,,,,,,,,21.5103187561035,16.0,,,,,
4.0,Principado De Asturias,1988.0,6.688160419464111,,,,,,,,,,,,,21.1311721801758,16.0,,,,,
4.0,Principado De Asturias,1989.0,6.913524627685547,,,,,,,,,,,,,20.3636207580566,16.0,,,,,
4.0,Principado De Asturias,1990.0,6.983147621154785,,,,,,,,,,,,,22.2122764587402,16.0,,,,,
4.0,Principado De Asturias,1991.0,7.04063081741333,,,,,,,,,,,,,23.6604309082031,16.0,,,,,
4.0,Principado De Asturias,1992.0,6.922807693481445,,,,,,,,,,,,,20.5400199890137,16.0,,,,,
4.0,Principado De Asturias,1993.0,6.798343181610107,,,,,,,,,,,,,18.5378379821777,16.0,,,,,
4.0,Principado De Asturias,1994.0,6.954155921936035,,,,,,,,,,,,,18.6073780059814,16.0,,,,,
4.0,Principado De Asturias,1995.0,7.116466999053955,,,,,,,,,,,,,18.4219799041748,16.0,,,,,
4.0,Principado De Asturias,1996.0,7.217223644256592,,,,,,,,,,,,,,16.0,,,,,
4.0,Principado De Asturias,1997.0,7.47572135925293,,,,,,,,,,,,,,16.0,,,,,
18.0,Rioja (La),1955.0,2.3904600143432617,,,,,,,,,,,,,,17.0,,,,,
18.0,Rioja (La),1956.0,2.5352041721343994,,,,,,,,,,,,,,17.0,,,,,
18.0,Rioja (La),1957.0,2.6800200939178467,,,,,,,,,,,,,,17.0,,,,,
18.0,Rioja (La),1958.0,2.7264351844787598,,,,,,,,,,,,,,17.0,,,,,
18.0,Rioja (La),1959.0,2.772850513458252,,,,,,,,,,,,,,17.0,,,,,
18.0,Rioja (La),1960.0,2.9698657989501953,,,,,,,,,,,,,,17.0,,,,,
18.0,Rioja (La),1961.0,3.153170585632324,32.7200012207031,3.08999991416931,27.5699996948242,4.34000015258789,26.2299995422363,6.05000019073486,,,,,,,,17.0,,,,,
18.0,Rioja (La),1962.0,3.4043843746185303,,,,,,,,,,,,,,17.0,,,,,
18.0,Rioja (La),1963.0,3.6692376136779785,34.4300003051758,2.99000000953674,25.3899993896484,4.73999977111816,27.0699996948242,5.38000011444092,,,,,,,,17.0,,,,,
18.0,Rioja (La),1964.0,3.8039846420288086,,,,,,,10.23792552948,151.320892333984,8.60982704162598,3.06339836120605,1.81167531013489,,16.6301879882812,17.0,5.848782062530518,86.4474868774414,4.918672561645508,1.750076174736023,1.0349844694137573
18.0,Rioja (La),1965.0,3.9218082427978516,31.9500007629395,3.01999998092651,25.9599990844727,5.34999990463257,27.6399993896484,6.07999992370605,9.79054164886475,151.513656616211,8.87244129180908,3.16899657249451,1.77959680557251,,17.7282848358154,17.0,5.59059476852417,86.51731872558594,5.066340923309326,1.8095602989196777,1.0161852836608887
18.0,Rioja (La),1966.0,4.032704830169678,,,,,,,9.35300159454346,151.885833740234,9.16163349151611,3.29110646247864,1.74683582782745,,17.6105575561523,17.0,5.331216335296631,86.57501220703125,5.222136497497559,1.8759325742721558,0.9956974387168884
18.0,Rioja (La),1967.0,4.160311222076416,27.6000003814697,2.78999996185303,27.0300006866455,5.65000009536743,29.5100002288818,7.42999982833862,8.92512512207031,152.711868286133,9.50362682342529,3.43024039268494,1.71896767616272,,16.5963726043701,17.0,5.0627570152282715,86.62545776367188,5.390910625457764,1.945796012878418,0.9750804901123047
18.0,Rioja (La),1968.0,4.3730363845825195,,,,,,,8.50673580169678,152.956436157227,10.6550092697144,3.57529520988464,1.66027390956879,,18.9667510986328,17.0,4.796479225158691,86.24370574951172,6.007772445678711,2.015911817550659,0.9361369609832764
18.0,Rioja (La),1969.0,4.603541851043701,24.9099998474121,2.54999995231628,27.1100006103516,6.1100001335144,31.0499992370605,8.27999973297119,8.09766006469727,153.228103637695,11.7576704025269,3.73398232460022,1.67922723293304,46.5800018310547,20.8034381866455,17.0,4.536589622497559,85.84368896484375,6.587054252624512,2.0919060707092285,0.9407612681388855
18.0,Rioja (La),1970.0,4.793416500091553,,,,,,,,,,,,,21.5658359527588,17.0,,,,,
18.0,Rioja (La),1971.0,4.983361721038818,,,,,,,,,,,,,19.5932922363281,17.0,,,,,
18.0,Rioja (La),1972.0,5.230076789855957,,,,,,,,,,,,,20.8908863067627,17.0,,,,,
18.0,Rioja (La),1973.0,5.474649906158447,,,,,,,,,,,,,20.7731380462646,17.0,,,,,
18.0,Rioja (La),1974.0,5.575835704803467,,,,,,,,,,,,,23.3648471832275,17.0,,,,,
18.0,Rioja (La),1975.0,5.676092624664307,,,,,,,,,,,,,22.5327281951904,17.0,,,,,
18.0,Rioja (La),1976.0,5.81655216217041,,,,,,,,,,,,,31.1758613586426,17.0,,,,,
18.0,Rioja (La),1977.0,5.955798149108887,,,,,,,,,,,,,36.6737174987793,17.0,,,,,
18.0,Rioja (La),1978.0,6.06655216217041,,,,,,,,,,,,,39.0718536376953,17.0,,,,,
18.0,Rioja (La),1979.0,6.101042747497559,,,,,,,,,,,,,31.2611522674561,17.0,,,,,
18.0,Rioja (La),1980.0,6.1086835861206055,,,,,,,,,,,,,25.4913959503174,17.0,,,,,
18.0,Rioja (La),1981.0,6.139960289001465,,,,,,,,,,,,,19.7470569610596,17.0,,,,,
18.0,Rioja (La),1982.0,6.3097686767578125,,,,,,,,,,,,,19.5771312713623,17.0,,,,,
18.0,Rioja (La),1983.0,6.502142429351807,,,,,,,,,,,,,17.3251037597656,17.0,,,,,
18.0,Rioja (La),1984.0,6.626892566680908,,,,,,,,,,,,,17.8476257324219,17.0,,,,,
18.0,Rioja (La),1985.0,6.775563716888428,,,,,,,,,,,,,16.5573043823242,17.0,,,,,
18.0,Rioja (La),1986.0,7.165095806121826,,,,,,,,,,,,,16.6409587860107,17.0,,,,,
18.0,Rioja (La),1987.0,7.580690860748291,,,,,,,,,,,,,18.5728778839111,17.0,,,,,
18.0,Rioja (La),1988.0,8.002713203430176,,,,,,,,,,,,,21.577579498291,17.0,,,,,
18.0,Rioja (La),1989.0,8.453299522399902,,,,,,,,,,,,,22.7909698486328,17.0,,,,,
18.0,Rioja (La),1990.0,8.85889720916748,,,,,,,,,,,,,21.0927810668945,17.0,,,,,
18.0,Rioja (La),1991.0,9.22950553894043,,,,,,,,,,,,,18.9119243621826,17.0,,,,,
18.0,Rioja (La),1992.0,9.180948257446289,,,,,,,,,,,,,21.8620376586914,17.0,,,,,
18.0,Rioja (La),1993.0,9.132390975952148,,,,,,,,,,,,,16.7657871246338,17.0,,,,,
18.0,Rioja (La),1994.0,9.498000144958496,,,,,,,,,,,,,16.4694519042969,17.0,,,,,
18.0,Rioja (La),1995.0,9.752213478088379,,,,,,,,,,,,,20.2756500244141,17.0,,,,,
18.0,Rioja (La),1996.0,10.056412696838379,,,,,,,,,,,,,,17.0,,,,,
18.0,Rioja (La),1997.0,10.476292610168457,,,,,,,,,,,,,,17.0,,,,,
1.0,Spain (Espana),1955.0,2.354541540145874,,,,,,,,,,,,,,18.0,,,,,
1.0,Spain (Espana),1956.0,2.4801485538482666,,,,,,,,,,,,,,18.0,,,,,
1.0,Spain (Espana),1957.0,2.6036131381988525,,,,,,,,,,,,,,18.0,,,,,
1.0,Spain (Espana),1958.0,2.63710355758667,,,,,,,,,,,,,,18.0,,,,,
1.0,Spain (Espana),1959.0,2.6698801517486572,,,,,,,,,,,,,,18.0,,,,,
1.0,Spain (Espana),1960.0,2.8699657917022705,,,,,,,,,,,,,,18.0,,,,,
1.0,Spain (Espana),1961.0,3.0474863052368164,19.5400009155273,4.71000003814697,26.4200000762939,6.26999998092651,36.6199989318848,6.44000005722046,,,,,,,,18.0,,,,,
1.0,Spain (Espana),1962.0,3.2732791900634766,,,,,,,,,,,,,,18.0,,,,,
1.0,Spain (Espana),1963.0,3.493501901626587,19.0499992370605,4.30999994277954,26.0499992370605,6.82999992370605,38.0,5.76999998092651,,,,,,,,18.0,,,,,
1.0,Spain (Espana),1964.0,3.600114345550537,,,,,,,2863.2783203125,18679.095703125,1064.24572753906,359.745727539062,212.143417358398,,18.3601837158203,18.0,12.35315990447998,80.5879898071289,4.591519355773926,1.5520658493041992,0.915259063243866
1.0,Spain (Espana),1965.0,3.7007999420166016,16.1599998474121,4.30999994277954,27.0100002288818,7.6399998664856,38.4000015258789,6.48000001907349,2826.32153320312,18805.349609375,1129.03112792969,377.947143554688,218.0,,20.5730609893799,18.0,12.100715637207031,80.51390075683594,4.833874702453613,1.6181565523147583,0.933353066444397
1.0,Spain (Espana),1966.0,3.823478937149048,,,,,,,2789.84204101562,18959.24609375,1201.23583984375,398.725372314453,224.335403442383,,22.2630004882812,18.0,11.834711074829102,80.4264907836914,5.095729351043701,1.6914218664169312,0.9516469836235046
1.0,Spain (Espana),1967.0,3.9396603107452393,14.1199998855591,4.1399998664856,26.7399997711182,7.67000007629395,39.5699996948242,7.76000022888184,2753.83325195312,19178.095703125,1285.103515625,422.267883300781,231.975006103516,,22.634765625,18.0,11.536179542541504,80.33963775634766,5.383472442626953,1.7689372301101685,0.9717746376991272
1.0,Spain (Espana),1968.0,4.173736095428467,,,,,,,2718.2890625,19319.001953125,1487.38073730469,447.321075439453,236.050003051758,,23.1126155853271,18.0,11.228867530822754,79.80406188964844,6.144159317016602,1.8478200435638428,0.9750891327857971
1.0,Spain (Espana),1969.0,4.410525798797607,12.8100004196167,4.13000011444092,26.7700004577637,7.84000015258789,40.060001373291,8.39000034332275,2683.20385742188,19459.55859375,1696.14685058594,474.941162109375,252.25,66.3399963378906,23.8235015869141,18.0,10.922384262084961,79.21305847167969,6.904420852661133,1.933319330215454,1.026821494102478
1.0,Spain (Espana),1970.0,4.59168815612793,,,,,,,,,,,,,23.4512672424316,18.0,,,,,
1.0,Spain (Espana),1971.0,4.769065856933594,,,,,,,,,,,,,21.7007255554199,18.0,,,,,
1.0,Spain (Espana),1972.0,5.0742645263671875,,,,,,,,,,,,,23.0834999084473,18.0,,,,,
1.0,Spain (Espana),1973.0,5.373536109924316,,,,,,,,,,,,,24.4110679626465,18.0,,,,,
1.0,Spain (Espana),1974.0,5.506783485412598,,,,,,,,,,,,,25.0546245574951,18.0,,,,,
1.0,Spain (Espana),1975.0,5.632604598999023,,,,,,,,,,,,,23.1503295898438,18.0,,,,,
1.0,Spain (Espana),1976.0,5.69744348526001,,,,,,,,,,,,,22.437141418457,18.0,,,,,
1.0,Spain (Espana),1977.0,5.759497165679932,,,,,,,,,,,,,21.7354965209961,18.0,,,,,
1.0,Spain (Espana),1978.0,5.7166523933410645,,,,,,,,,,,,,21.0691146850586,18.0,,,,,
1.0,Spain (Espana),1979.0,5.68723201751709,,,,,,,,,,,,,20.0666217803955,18.0,,,,,
1.0,Spain (Espana),1980.0,5.71079683303833,,,,,,,,,,,,,19.9076251983643,18.0,,,,,
1.0,Spain (Espana),1981.0,5.759925842285156,,,,,,,,,,,,,19.1218509674072,18.0,,,,,
1.0,Spain (Espana),1982.0,5.8252644538879395,,,,,,,,,,,,,19.204309463501,18.0,,,,,
1.0,Spain (Espana),1983.0,5.893530368804932,,,,,,,,,,,,,18.4446907043457,18.0,,,,,
1.0,Spain (Espana),1984.0,6.004213333129883,,,,,,,,,,,,,16.7821617126465,18.0,,,,,
1.0,Spain (Espana),1985.0,6.116394996643066,,,,,,,,,,,,,17.4106369018555,18.0,,,,,
1.0,Spain (Espana),1986.0,6.4965009689331055,,,,,,,,,,,,,17.9601345062256,18.0,,,,,
1.0,Spain (Espana),1987.0,6.878177642822266,,,,,,,,,,,,,19.2979774475098,18.0,,,,,
1.0,Spain (Espana),1988.0,7.2429304122924805,,,,,,,,,,,,,20.8252849578857,18.0,,,,,
1.0,Spain (Espana),1989.0,7.6085405349731445,,,,,,,,,,,,,22.4756412506104,18.0,,,,,
1.0,Spain (Espana),1990.0,7.794915676116943,,,,,,,,,,,,,23.3564167022705,18.0,,,,,
1.0,Spain (Espana),1991.0,7.978435039520264,,,,,,,,,,,,,23.1464080810547,18.0,,,,,
1.0,Spain (Espana),1992.0,7.834904193878174,,,,,,,,,,,,,22.4360275268555,18.0,,,,,
1.0,Spain (Espana),1993.0,7.692087650299072,,,,,,,,,,,,,20.3748607635498,18.0,,,,,
1.0,Spain (Espana),1994.0,7.889888763427734,,,,,,,,,,,,,20.2575531005859,18.0,,,,,
1.0,Spain (Espana),1995.0,8.094829559326172,,,,,,,,,,,,,21.206729888916,18.0,,,,,
1.0,Spain (Espana),1996.0,8.324049949645996,,,,,,,,,,,,,,18.0,,,,,
1.0,Spain (Espana),1997.0,8.670379638671875,,,,,,,,,,,,,,18.0,,,,,
