state2,year2,demwon,marginvvv
1.0,1979.0,1.0,466.0
1.0,1980.0,1.0,466.0
1.0,1981.0,1.0,466.0
1.0,1982.0,1.0,466.0
1.0,1983.0,1.0,185.0
1.0,1984.0,1.0,185.0
1.0,1985.0,1.0,185.0
1.0,1986.0,1.0,185.0
1.0,1987.0,0.0,-129.0
1.0,1988.0,0.0,-129.0
1.0,1989.0,0.0,-129.0
1.0,1990.0,0.0,-129.0
1.0,1991.0,0.0,-42.20000076293945
1.0,1992.0,0.0,-42.20000076293945
1.0,1993.0,1.0,1000.0
1.0,1994.0,1.0,1000.0
1.0,1995.0,0.0,-9.0
1.0,1996.0,0.0,-9.0
1.0,1997.0,0.0,-9.0
1.0,1998.0,0.0,-9.0
1.0,1999.0,1.0,155.8000030517578
1.0,2000.0,1.0,155.8000030517578
1.0,2001.0,1.0,155.8000030517578
1.0,2002.0,1.0,155.8000030517578
1.0,2003.0,0.0,-2.200000047683716
1.0,2004.0,0.0,-2.200000047683716
1.0,2005.0,0.0,-2.200000047683716
1.0,2006.0,0.0,-2.200000047683716
1.0,2007.0,0.0,-158.8000030517578
1.0,2008.0,0.0,-158.8000030517578
2.0,1979.0,0.0,-126.0
2.0,1980.0,0.0,-126.0
2.0,1981.0,0.0,-126.0
2.0,1982.0,0.0,-126.0
2.0,1983.0,1.0,90.0
2.0,1984.0,1.0,90.0
2.0,1985.0,1.0,90.0
2.0,1986.0,1.0,90.0
2.0,1987.0,1.0,47.0
2.0,1988.0,1.0,47.0
2.0,1989.0,1.0,47.0
2.0,1990.0,1.0,47.0
2.0,1995.0,1.0,2.5
2.0,1996.0,1.0,2.5
2.0,1997.0,1.0,2.5
2.0,1998.0,1.0,2.5
2.0,1999.0,1.0,330.1000061035156
2.0,2000.0,1.0,330.1000061035156
2.0,2001.0,1.0,330.1000061035156
2.0,2002.0,1.0,330.1000061035156
2.0,2003.0,0.0,-151.5
2.0,2004.0,0.0,-151.5
2.0,2005.0,0.0,-151.5
2.0,2006.0,0.0,-151.5
2.0,2007.0,0.0,-73.5999984741211
2.0,2008.0,0.0,-73.5999984741211
4.0,1979.0,1.0,77.0
4.0,1980.0,1.0,77.0
4.0,1981.0,1.0,77.0
4.0,1982.0,1.0,77.0
4.0,1983.0,1.0,300.0
4.0,1984.0,1.0,300.0
4.0,1985.0,1.0,300.0
4.0,1986.0,1.0,300.0
4.0,1987.0,0.0,-52.0
4.0,1988.0,1.0,1000.0
4.0,1989.0,1.0,1000.0
4.0,1990.0,1.0,1000.0
4.0,1991.0,0.0,-4.099999904632568
4.0,1992.0,0.0,-4.099999904632568
4.0,1993.0,0.0,-4.099999904632568
4.0,1994.0,0.0,-4.099999904632568
4.0,1995.0,0.0,-82.0999984741211
4.0,1996.0,0.0,-82.0999984741211
4.0,1997.0,0.0,-82.0999984741211
4.0,1998.0,0.0,-82.0999984741211
4.0,1999.0,0.0,-254.1999969482422
4.0,2000.0,0.0,-254.1999969482422
4.0,2001.0,0.0,-254.1999969482422
4.0,2002.0,0.0,-254.1999969482422
4.0,2003.0,1.0,9.699999809265137
4.0,2004.0,1.0,9.699999809265137
4.0,2005.0,1.0,9.699999809265137
4.0,2006.0,1.0,9.699999809265137
4.0,2007.0,1.0,271.3999938964844
4.0,2008.0,1.0,271.3999938964844
5.0,1979.0,1.0,267.0
5.0,1980.0,1.0,267.0
5.0,1981.0,0.0,-38.0
5.0,1982.0,0.0,-38.0
5.0,1983.0,1.0,94.0
5.0,1984.0,1.0,94.0
5.0,1985.0,1.0,251.0
5.0,1986.0,1.0,251.0
5.0,1987.0,1.0,278.0
5.0,1988.0,1.0,278.0
5.0,1989.0,1.0,278.0
5.0,1990.0,1.0,278.0
5.0,1991.0,1.0,150.0
5.0,1992.0,1.0,150.0
5.0,1993.0,1.0,150.0
5.0,1994.0,1.0,150.0
5.0,1995.0,1.0,192.0
5.0,1996.0,1.0,192.0
5.0,1997.0,0.0,-1000.0
5.0,1998.0,0.0,-1000.0
5.0,1999.0,0.0,-211.10000610351562
5.0,2000.0,0.0,-211.10000610351562
5.0,2001.0,0.0,-211.10000610351562
5.0,2002.0,0.0,-211.10000610351562
5.0,2003.0,0.0,-60.599998474121094
5.0,2004.0,0.0,-60.599998474121094
5.0,2005.0,0.0,-60.599998474121094
5.0,2006.0,0.0,-60.599998474121094
5.0,2007.0,1.0,149.39999389648438
5.0,2008.0,1.0,149.39999389648438
6.0,1979.0,1.0,195.0
6.0,1980.0,1.0,195.0
6.0,1981.0,1.0,195.0
6.0,1982.0,1.0,195.0
6.0,1983.0,0.0,-11.0
6.0,1984.0,0.0,-11.0
6.0,1985.0,0.0,-11.0
6.0,1986.0,0.0,-11.0
6.0,1987.0,0.0,-232.0
6.0,1988.0,0.0,-232.0
6.0,1989.0,0.0,-232.0
6.0,1990.0,0.0,-232.0
6.0,1991.0,0.0,-34.70000076293945
6.0,1992.0,0.0,-34.70000076293945
6.0,1993.0,0.0,-34.70000076293945
6.0,1994.0,0.0,-34.70000076293945
6.0,1995.0,0.0,-145.60000610351562
6.0,1996.0,0.0,-145.60000610351562
6.0,1997.0,0.0,-145.60000610351562
6.0,1998.0,0.0,-145.60000610351562
6.0,1999.0,1.0,195.89999389648438
6.0,2000.0,1.0,195.89999389648438
6.0,2001.0,1.0,195.89999389648438
6.0,2002.0,1.0,195.89999389648438
6.0,2003.0,1.0,48.70000076293945
6.0,2004.0,0.0,-171.10000610351562
6.0,2005.0,0.0,-171.10000610351562
6.0,2006.0,0.0,-171.10000610351562
6.0,2007.0,0.0,-169.6999969482422
6.0,2008.0,0.0,-169.6999969482422
8.0,1979.0,1.0,205.0
8.0,1980.0,1.0,205.0
8.0,1981.0,1.0,205.0
8.0,1982.0,1.0,205.0
8.0,1983.0,1.0,340.0
8.0,1984.0,1.0,340.0
8.0,1985.0,1.0,340.0
8.0,1986.0,1.0,340.0
8.0,1987.0,1.0,172.0
8.0,1988.0,1.0,172.0
8.0,1989.0,1.0,172.0
8.0,1990.0,1.0,172.0
8.0,1991.0,1.0,264.6000061035156
8.0,1992.0,1.0,264.6000061035156
8.0,1993.0,1.0,264.6000061035156
8.0,1994.0,1.0,264.6000061035156
8.0,1995.0,1.0,167.6999969482422
8.0,1996.0,1.0,167.6999969482422
8.0,1997.0,1.0,167.6999969482422
8.0,1998.0,1.0,167.6999969482422
8.0,1999.0,0.0,-6.300000190734863
8.0,2000.0,0.0,-6.300000190734863
8.0,2001.0,0.0,-6.300000190734863
8.0,2002.0,0.0,-6.300000190734863
8.0,2003.0,0.0,-289.70001220703125
8.0,2004.0,0.0,-289.70001220703125
8.0,2005.0,0.0,-289.70001220703125
8.0,2006.0,0.0,-289.70001220703125
8.0,2007.0,1.0,168.3000030517578
8.0,2008.0,1.0,168.3000030517578
9.0,1979.0,1.0,184.0
9.0,1980.0,1.0,184.0
9.0,1981.0,1.0,184.0
9.0,1982.0,1.0,184.0
9.0,1983.0,1.0,74.0
9.0,1984.0,1.0,74.0
9.0,1985.0,1.0,74.0
9.0,1986.0,1.0,74.0
9.0,1987.0,1.0,168.0
9.0,1988.0,1.0,168.0
9.0,1989.0,1.0,168.0
9.0,1990.0,1.0,168.0
9.0,1995.0,0.0,-35.0
9.0,1996.0,0.0,-35.0
9.0,1997.0,0.0,-35.0
9.0,1998.0,0.0,-35.0
9.0,1999.0,0.0,-274.6000061035156
9.0,2000.0,0.0,-274.6000061035156
9.0,2001.0,0.0,-274.6000061035156
9.0,2002.0,0.0,-274.6000061035156
9.0,2003.0,0.0,-122.19999694824219
9.0,2004.0,0.0,-122.19999694824219
9.0,2005.0,0.0,-122.19999694824219
9.0,2006.0,0.0,-122.19999694824219
9.0,2007.0,0.0,-277.5
9.0,2008.0,0.0,-277.5
10.0,1979.0,0.0,-144.0
10.0,1980.0,0.0,-144.0
10.0,1981.0,0.0,-421.20001220703125
10.0,1982.0,0.0,-421.20001220703125
10.0,1983.0,0.0,-421.20001220703125
10.0,1984.0,0.0,-421.20001220703125
10.0,1985.0,0.0,-110.5999984741211
10.0,1986.0,0.0,-110.5999984741211
10.0,1987.0,0.0,-110.5999984741211
10.0,1988.0,0.0,-110.5999984741211
10.0,1989.0,0.0,-414.6000061035156
10.0,1990.0,0.0,-414.6000061035156
10.0,1991.0,0.0,-414.6000061035156
10.0,1992.0,0.0,-414.6000061035156
10.0,1993.0,1.0,324.3999938964844
10.0,1994.0,1.0,324.3999938964844
10.0,1995.0,1.0,324.3999938964844
10.0,1996.0,1.0,324.3999938964844
10.0,1997.0,1.0,390.0
10.0,1998.0,1.0,390.0
10.0,1999.0,1.0,390.0
10.0,2000.0,1.0,390.0
10.0,2001.0,1.0,194.89999389648438
10.0,2002.0,1.0,194.89999389648438
10.0,2003.0,1.0,194.89999389648438
10.0,2004.0,1.0,194.89999389648438
10.0,2005.0,1.0,50.79999923706055
10.0,2006.0,1.0,50.79999923706055
10.0,2007.0,1.0,50.79999923706055
10.0,2008.0,1.0,50.79999923706055
11.0,1979.0,0.0,-144.0
11.0,1980.0,0.0,-144.0
11.0,1981.0,0.0,-421.0
11.0,1982.0,0.0,-421.0
11.0,1983.0,0.0,-421.0
11.0,1984.0,0.0,-421.0
11.0,1985.0,0.0,-110.0
11.0,1986.0,0.0,-110.0
11.0,1987.0,0.0,-110.0
11.0,1988.0,0.0,-110.0
11.0,1989.0,0.0,-414.0
11.0,1990.0,0.0,-414.0
11.0,1991.0,0.0,-414.0
11.0,1992.0,0.0,-414.0
12.0,1979.0,1.0,111.80000305175781
12.0,1980.0,1.0,111.80000305175781
12.0,1981.0,1.0,111.80000305175781
12.0,1982.0,1.0,111.80000305175781
12.0,1983.0,1.0,294.0
12.0,1984.0,1.0,294.0
12.0,1985.0,1.0,294.0
12.0,1986.0,1.0,294.0
12.0,1987.0,0.0,-91.19999694824219
12.0,1988.0,0.0,-91.19999694824219
12.0,1989.0,0.0,-91.19999694824219
12.0,1990.0,0.0,-91.19999694824219
12.0,1991.0,1.0,130.3000030517578
12.0,1992.0,1.0,130.3000030517578
12.0,1993.0,1.0,130.3000030517578
12.0,1994.0,1.0,130.3000030517578
12.0,1995.0,1.0,15.199999809265137
12.0,1996.0,1.0,15.199999809265137
12.0,1997.0,1.0,15.199999809265137
12.0,1998.0,1.0,15.199999809265137
12.0,1999.0,0.0,-105.5
12.0,2000.0,0.0,-105.5
12.0,2001.0,0.0,-105.5
12.0,2002.0,0.0,-105.5
12.0,2003.0,0.0,-128.5
12.0,2004.0,0.0,-128.5
12.0,2005.0,0.0,-128.5
12.0,2006.0,0.0,-128.5
12.0,2007.0,0.0,-70.69999694824219
12.0,2008.0,0.0,-70.69999694824219
13.0,1979.0,1.0,613.0
13.0,1980.0,1.0,613.0
13.0,1981.0,1.0,613.0
13.0,1982.0,1.0,613.0
13.0,1983.0,1.0,256.0
13.0,1984.0,1.0,256.0
13.0,1985.0,1.0,256.0
13.0,1986.0,1.0,256.0
13.0,1987.0,1.0,410.0
13.0,1988.0,1.0,410.0
13.0,1989.0,1.0,410.0
13.0,1990.0,1.0,410.0
13.0,1991.0,1.0,83.5
13.0,1992.0,1.0,83.5
13.0,1993.0,1.0,83.5
13.0,1994.0,1.0,83.5
13.0,1995.0,1.0,21.0
13.0,1996.0,1.0,21.0
13.0,1997.0,1.0,21.0
13.0,1998.0,1.0,21.0
13.0,1999.0,1.0,84.19999694824219
13.0,2000.0,1.0,84.19999694824219
13.0,2001.0,1.0,84.19999694824219
13.0,2002.0,1.0,84.19999694824219
13.0,2003.0,0.0,-51.599998474121094
13.0,2004.0,0.0,-51.599998474121094
13.0,2005.0,0.0,-51.599998474121094
13.0,2006.0,0.0,-51.599998474121094
13.0,2007.0,0.0,-197.1999969482422
13.0,2008.0,0.0,-197.1999969482422
15.0,1979.0,1.0,102.0
15.0,1980.0,1.0,102.0
15.0,1981.0,1.0,102.0
15.0,1982.0,1.0,102.0
15.0,1983.0,1.0,165.89999389648438
15.0,1984.0,1.0,165.89999389648438
15.0,1985.0,1.0,165.89999389648438
15.0,1986.0,1.0,165.89999389648438
15.0,1987.0,1.0,39.0
15.0,1988.0,1.0,39.0
15.0,1989.0,1.0,39.0
15.0,1990.0,1.0,39.0
15.0,1991.0,1.0,212.1999969482422
15.0,1992.0,1.0,212.1999969482422
15.0,1993.0,1.0,212.1999969482422
15.0,1994.0,1.0,212.1999969482422
15.0,1995.0,1.0,59.099998474121094
15.0,1996.0,1.0,59.099998474121094
15.0,1997.0,1.0,59.099998474121094
15.0,1998.0,1.0,59.099998474121094
15.0,1999.0,1.0,12.899999618530273
15.0,2000.0,1.0,12.899999618530273
15.0,2001.0,1.0,12.899999618530273
15.0,2002.0,1.0,12.899999618530273
15.0,2003.0,0.0,-45.5
15.0,2004.0,0.0,-45.5
15.0,2005.0,0.0,-45.5
15.0,2006.0,0.0,-45.5
15.0,2007.0,0.0,-271.79998779296875
15.0,2008.0,0.0,-271.79998779296875
16.0,1979.0,1.0,192.0
16.0,1980.0,1.0,192.0
16.0,1981.0,1.0,192.0
16.0,1982.0,1.0,192.0
16.0,1983.0,1.0,12.800000190734863
16.0,1984.0,1.0,12.800000190734863
16.0,1985.0,1.0,12.800000190734863
16.0,1986.0,1.0,12.800000190734863
16.0,1987.0,1.0,9.399999618530273
16.0,1988.0,1.0,9.399999618530273
16.0,1989.0,1.0,9.399999618530273
16.0,1990.0,1.0,9.399999618530273
16.0,1991.0,1.0,364.20001220703125
16.0,1992.0,1.0,364.20001220703125
16.0,1993.0,1.0,364.20001220703125
16.0,1994.0,1.0,364.20001220703125
16.0,1995.0,0.0,-84.0999984741211
16.0,1996.0,0.0,-84.0999984741211
16.0,1997.0,0.0,-84.0999984741211
16.0,1998.0,0.0,-84.0999984741211
16.0,1999.0,0.0,-386.29998779296875
16.0,2000.0,0.0,-386.29998779296875
16.0,2001.0,0.0,-386.29998779296875
16.0,2002.0,0.0,-386.29998779296875
16.0,2003.0,0.0,-145.5
16.0,2004.0,0.0,-145.5
16.0,2005.0,0.0,-145.5
16.0,2006.0,0.0,-145.5
16.0,2007.0,0.0,-85.5999984741211
16.0,2008.0,0.0,-85.5999984741211
17.0,1979.0,0.0,-189.39999389648438
17.0,1980.0,0.0,-189.39999389648438
17.0,1981.0,0.0,-189.39999389648438
17.0,1982.0,0.0,-189.39999389648438
17.0,1983.0,0.0,-1.399999976158142
17.0,1984.0,0.0,-1.399999976158142
17.0,1985.0,0.0,-1.399999976158142
17.0,1986.0,0.0,-1.399999976158142
17.0,1987.0,0.0,-127.0
17.0,1988.0,0.0,-127.0
17.0,1989.0,0.0,-127.0
17.0,1990.0,0.0,-127.0
17.0,1991.0,0.0,-25.799999237060547
17.0,1992.0,0.0,-25.799999237060547
17.0,1993.0,0.0,-25.799999237060547
17.0,1994.0,0.0,-25.799999237060547
17.0,1995.0,0.0,-294.29998779296875
17.0,1996.0,0.0,-294.29998779296875
17.0,1997.0,0.0,-294.29998779296875
17.0,1998.0,0.0,-294.29998779296875
17.0,1999.0,0.0,-35.70000076293945
17.0,2000.0,0.0,-35.70000076293945
17.0,2001.0,0.0,-35.70000076293945
17.0,2002.0,0.0,-35.70000076293945
17.0,2003.0,1.0,71.19999694824219
17.0,2004.0,1.0,71.19999694824219
17.0,2005.0,1.0,71.19999694824219
17.0,2006.0,1.0,71.19999694824219
17.0,2007.0,1.0,105.30000305175781
17.0,2008.0,1.0,105.30000305175781
18.0,1979.0,0.0,-142.0
18.0,1980.0,0.0,-142.0
18.0,1981.0,0.0,-158.0
18.0,1982.0,0.0,-158.0
18.0,1983.0,0.0,-158.0
18.0,1984.0,0.0,-158.0
18.0,1985.0,0.0,-49.0
18.0,1986.0,0.0,-49.0
18.0,1987.0,0.0,-49.0
18.0,1988.0,0.0,-49.0
18.0,1989.0,1.0,64.0
18.0,1990.0,1.0,64.0
18.0,1991.0,1.0,64.0
18.0,1992.0,1.0,64.0
18.0,1993.0,1.0,251.0
18.0,1994.0,1.0,251.0
18.0,1995.0,1.0,251.0
18.0,1996.0,1.0,251.0
18.0,1997.0,1.0,47.400001525878906
18.0,1998.0,1.0,47.400001525878906
18.0,1999.0,1.0,47.400001525878906
18.0,2000.0,1.0,47.400001525878906
18.0,2001.0,1.0,148.8000030517578
18.0,2002.0,1.0,148.8000030517578
18.0,2003.0,1.0,148.8000030517578
18.0,2004.0,1.0,148.8000030517578
18.0,2005.0,0.0,-77.19999694824219
18.0,2006.0,0.0,-77.19999694824219
18.0,2007.0,0.0,-77.19999694824219
18.0,2008.0,0.0,-77.19999694824219
19.0,1979.0,0.0,-173.0
19.0,1980.0,0.0,-173.0
19.0,1981.0,0.0,-173.0
19.0,1982.0,0.0,-173.0
19.0,1983.0,0.0,-62.0
19.0,1984.0,0.0,-62.0
19.0,1985.0,0.0,-62.0
19.0,1986.0,0.0,-62.0
19.0,1987.0,0.0,-39.0
19.0,1988.0,0.0,-39.0
19.0,1989.0,0.0,-39.0
19.0,1990.0,0.0,-39.0
19.0,1991.0,0.0,-217.60000610351562
19.0,1992.0,0.0,-217.60000610351562
19.0,1993.0,0.0,-217.60000610351562
19.0,1994.0,0.0,-217.60000610351562
19.0,1995.0,0.0,-152.39999389648438
19.0,1996.0,0.0,-152.39999389648438
19.0,1997.0,0.0,-152.39999389648438
19.0,1998.0,0.0,-152.39999389648438
19.0,1999.0,1.0,57.900001525878906
19.0,2000.0,1.0,57.900001525878906
19.0,2001.0,1.0,57.900001525878906
19.0,2002.0,1.0,57.900001525878906
19.0,2003.0,1.0,81.80000305175781
19.0,2004.0,1.0,81.80000305175781
19.0,2005.0,1.0,81.80000305175781
19.0,2006.0,1.0,81.80000305175781
19.0,2007.0,1.0,96.4000015258789
19.0,2008.0,1.0,96.4000015258789
20.0,1979.0,1.0,21.0
20.0,1980.0,1.0,21.0
20.0,1981.0,1.0,21.0
20.0,1982.0,1.0,21.0
20.0,1983.0,1.0,87.0
20.0,1984.0,1.0,87.0
20.0,1985.0,1.0,87.0
20.0,1986.0,1.0,87.0
20.0,1987.0,0.0,-38.0
20.0,1988.0,0.0,-38.0
20.0,1989.0,0.0,-38.0
20.0,1990.0,0.0,-38.0
20.0,1991.0,1.0,60.0
20.0,1992.0,1.0,60.0
20.0,1993.0,1.0,60.0
20.0,1994.0,1.0,60.0
20.0,1995.0,0.0,-281.79998779296875
20.0,1996.0,0.0,-281.79998779296875
20.0,1997.0,0.0,-281.79998779296875
20.0,1998.0,0.0,-281.79998779296875
20.0,1999.0,0.0,-507.20001220703125
20.0,2000.0,0.0,-507.20001220703125
20.0,2001.0,0.0,-507.20001220703125
20.0,2002.0,0.0,-507.20001220703125
20.0,2003.0,1.0,77.80000305175781
20.0,2004.0,1.0,77.80000305175781
20.0,2005.0,1.0,77.80000305175781
20.0,2006.0,1.0,77.80000305175781
20.0,2007.0,1.0,174.60000610351562
20.0,2008.0,1.0,174.60000610351562
21.0,1979.0,1.0,256.0
21.0,1980.0,1.0,188.1999969482422
21.0,1981.0,1.0,188.1999969482422
21.0,1982.0,1.0,188.1999969482422
21.0,1983.0,1.0,188.1999969482422
21.0,1984.0,1.0,103.0
21.0,1985.0,1.0,103.0
21.0,1986.0,1.0,103.0
21.0,1987.0,1.0,103.0
21.0,1988.0,1.0,298.0
21.0,1989.0,1.0,298.0
21.0,1990.0,1.0,298.0
21.0,1991.0,1.0,298.0
21.0,1992.0,1.0,294.6000061035156
21.0,1993.0,1.0,294.6000061035156
21.0,1994.0,1.0,294.6000061035156
21.0,1995.0,1.0,294.6000061035156
21.0,1996.0,1.0,21.700000762939453
21.0,1997.0,1.0,21.700000762939453
21.0,1998.0,1.0,21.700000762939453
21.0,1999.0,1.0,21.700000762939453
21.0,2000.0,1.0,385.0
21.0,2001.0,1.0,385.0
21.0,2002.0,1.0,385.0
21.0,2003.0,1.0,385.0
21.0,2004.0,0.0,-100.80000305175781
21.0,2005.0,0.0,-100.80000305175781
21.0,2006.0,0.0,-100.80000305175781
21.0,2007.0,0.0,-100.80000305175781
21.0,2008.0,1.0,174.1999969482422
22.0,1979.0,1.0,380.6000061035156
22.0,1980.0,0.0,-7.0
22.0,1981.0,0.0,-7.0
22.0,1982.0,0.0,-7.0
22.0,1983.0,0.0,-7.0
22.0,1984.0,1.0,261.0
22.0,1985.0,1.0,261.0
22.0,1986.0,1.0,261.0
22.0,1987.0,1.0,261.0
22.0,1988.0,1.0,999.0
22.0,1989.0,1.0,999.0
22.0,1990.0,1.0,999.0
22.0,1991.0,1.0,999.0
22.0,1992.0,1.0,223.39999389648438
22.0,1993.0,1.0,223.39999389648438
22.0,1994.0,1.0,223.39999389648438
22.0,1995.0,1.0,223.39999389648438
22.0,1996.0,0.0,-270.0
22.0,1997.0,0.0,-270.0
22.0,1998.0,0.0,-270.0
22.0,1999.0,0.0,-270.0
22.0,2000.0,0.0,-326.3999938964844
22.0,2001.0,0.0,-326.3999938964844
22.0,2002.0,0.0,-326.3999938964844
22.0,2003.0,0.0,-326.3999938964844
22.0,2004.0,1.0,39.0
22.0,2005.0,1.0,39.0
22.0,2006.0,1.0,39.0
22.0,2007.0,1.0,39.0
22.0,2008.0,0.0,-367.1000061035156
23.0,1979.0,1.0,134.0
23.0,1980.0,1.0,134.0
23.0,1981.0,1.0,134.0
23.0,1982.0,1.0,134.0
23.0,1983.0,1.0,234.0
23.0,1984.0,1.0,234.0
23.0,1985.0,1.0,234.0
23.0,1986.0,1.0,234.0
23.0,1987.0,0.0,-97.0
23.0,1988.0,0.0,-97.0
23.0,1989.0,0.0,-97.0
23.0,1990.0,0.0,-97.0
23.0,1991.0,0.0,-26.200000762939453
23.0,1992.0,0.0,-26.200000762939453
23.0,1993.0,0.0,-26.200000762939453
23.0,1994.0,0.0,-26.200000762939453
23.0,2003.0,1.0,56.79999923706055
23.0,2004.0,1.0,56.79999923706055
23.0,2005.0,1.0,56.79999923706055
23.0,2006.0,1.0,56.79999923706055
23.0,2007.0,1.0,79.0
23.0,2008.0,1.0,79.0
24.0,1979.0,1.0,419.0
24.0,1980.0,1.0,419.0
24.0,1981.0,1.0,419.0
24.0,1982.0,1.0,419.0
24.0,1983.0,1.0,239.0
24.0,1984.0,1.0,239.0
24.0,1985.0,1.0,239.0
24.0,1986.0,1.0,239.0
24.0,1987.0,1.0,647.4000244140625
24.0,1988.0,1.0,647.4000244140625
24.0,1989.0,1.0,647.4000244140625
24.0,1990.0,1.0,647.4000244140625
24.0,1991.0,1.0,195.3000030517578
24.0,1992.0,1.0,195.3000030517578
24.0,1993.0,1.0,195.3000030517578
24.0,1994.0,1.0,195.3000030517578
24.0,1995.0,1.0,4.300000190734863
24.0,1996.0,1.0,4.300000190734863
24.0,1997.0,1.0,4.300000190734863
24.0,1998.0,1.0,4.300000190734863
24.0,1999.0,1.0,103.19999694824219
24.0,2000.0,1.0,103.19999694824219
24.0,2001.0,1.0,103.19999694824219
24.0,2002.0,1.0,103.19999694824219
24.0,2003.0,0.0,-38.70000076293945
24.0,2004.0,0.0,-38.70000076293945
24.0,2005.0,0.0,-38.70000076293945
24.0,2006.0,0.0,-38.70000076293945
24.0,2007.0,1.0,65.30000305175781
24.0,2008.0,1.0,65.30000305175781
25.0,1979.0,1.0,53.20000076293945
25.0,1980.0,1.0,53.20000076293945
25.0,1981.0,1.0,53.20000076293945
25.0,1982.0,1.0,53.20000076293945
25.0,1983.0,1.0,228.89999389648438
25.0,1984.0,1.0,228.89999389648438
25.0,1985.0,1.0,228.89999389648438
25.0,1986.0,1.0,228.89999389648438
25.0,1987.0,1.0,375.5
25.0,1988.0,1.0,375.5
25.0,1989.0,1.0,375.5
25.0,1990.0,1.0,375.5
25.0,1991.0,0.0,-32.5
25.0,1992.0,0.0,-32.5
25.0,1993.0,0.0,-32.5
25.0,1994.0,0.0,-32.5
25.0,1995.0,0.0,-425.8999938964844
25.0,1996.0,0.0,-425.8999938964844
25.0,1997.0,0.0,-425.8999938964844
25.0,1998.0,0.0,-425.8999938964844
25.0,1999.0,0.0,-34.29999923706055
25.0,2000.0,0.0,-34.29999923706055
25.0,2001.0,0.0,-34.29999923706055
25.0,2002.0,0.0,-34.29999923706055
25.0,2003.0,0.0,-48.29999923706055
25.0,2004.0,0.0,-48.29999923706055
25.0,2005.0,0.0,-48.29999923706055
25.0,2006.0,0.0,-48.29999923706055
25.0,2007.0,1.0,203.10000610351562
25.0,2008.0,1.0,203.10000610351562
26.0,1979.0,0.0,-136.0
26.0,1980.0,0.0,-136.0
26.0,1981.0,0.0,-136.0
26.0,1982.0,0.0,-136.0
26.0,1983.0,1.0,63.0
26.0,1984.0,1.0,63.0
26.0,1985.0,1.0,63.0
26.0,1986.0,1.0,63.0
26.0,1987.0,1.0,367.0
26.0,1988.0,1.0,367.0
26.0,1989.0,1.0,367.0
26.0,1990.0,1.0,367.0
26.0,1991.0,0.0,-6.900000095367432
26.0,1992.0,0.0,-6.900000095367432
26.0,1993.0,0.0,-6.900000095367432
26.0,1994.0,0.0,-6.900000095367432
26.0,1995.0,0.0,-230.10000610351562
26.0,1996.0,0.0,-230.10000610351562
26.0,1997.0,0.0,-230.10000610351562
26.0,1998.0,0.0,-230.10000610351562
26.0,1999.0,0.0,-244.1999969482422
26.0,2000.0,0.0,-244.1999969482422
26.0,2001.0,0.0,-244.1999969482422
26.0,2002.0,0.0,-244.1999969482422
26.0,2003.0,1.0,40.20000076293945
26.0,2004.0,1.0,40.20000076293945
26.0,2005.0,1.0,40.20000076293945
26.0,2006.0,1.0,40.20000076293945
26.0,2007.0,1.0,140.60000610351562
26.0,2008.0,1.0,140.60000610351562
27.0,1979.0,0.0,-70.5
27.0,1980.0,0.0,-70.5
27.0,1981.0,0.0,-70.5
27.0,1982.0,0.0,-70.5
27.0,1983.0,1.0,186.1999969482422
27.0,1984.0,1.0,186.1999969482422
27.0,1985.0,1.0,186.1999969482422
27.0,1986.0,1.0,186.1999969482422
27.0,1987.0,1.0,129.3000030517578
27.0,1988.0,1.0,129.3000030517578
27.0,1989.0,1.0,129.3000030517578
27.0,1990.0,1.0,129.3000030517578
27.0,1991.0,0.0,-33.5
27.0,1992.0,0.0,-33.5
27.0,1993.0,0.0,-33.5
27.0,1994.0,0.0,-33.5
27.0,1995.0,0.0,-292.20001220703125
27.0,1996.0,0.0,-292.20001220703125
27.0,1997.0,0.0,-292.20001220703125
27.0,1998.0,0.0,-292.20001220703125
27.0,2003.0,0.0,-79.0999984741211
27.0,2004.0,0.0,-79.0999984741211
27.0,2005.0,0.0,-79.0999984741211
27.0,2006.0,0.0,-79.0999984741211
27.0,2007.0,0.0,-9.600000381469727
27.0,2008.0,0.0,-9.600000381469727
28.0,1979.0,1.0,70.0
28.0,1980.0,1.0,221.39999389648438
28.0,1981.0,1.0,221.39999389648438
28.0,1982.0,1.0,221.39999389648438
28.0,1983.0,1.0,221.39999389648438
28.0,1984.0,1.0,162.0
28.0,1985.0,1.0,162.0
28.0,1986.0,1.0,162.0
28.0,1987.0,1.0,162.0
28.0,1988.0,1.0,69.0
28.0,1989.0,1.0,69.0
28.0,1990.0,1.0,69.0
28.0,1991.0,1.0,69.0
28.0,1992.0,0.0,-32.400001525878906
28.0,1993.0,0.0,-32.400001525878906
28.0,1994.0,0.0,-32.400001525878906
28.0,1995.0,0.0,-32.400001525878906
28.0,1996.0,0.0,-111.19999694824219
28.0,1997.0,0.0,-111.19999694824219
28.0,1998.0,0.0,-111.19999694824219
28.0,1999.0,0.0,-111.19999694824219
28.0,2000.0,1.0,11.0
28.0,2001.0,1.0,11.0
28.0,2002.0,1.0,11.0
28.0,2003.0,1.0,11.0
28.0,2004.0,0.0,-67.80000305175781
28.0,2005.0,0.0,-67.80000305175781
28.0,2006.0,0.0,-67.80000305175781
28.0,2007.0,0.0,-67.80000305175781
28.0,2008.0,0.0,-158.0
29.0,1979.0,1.0,6.800000190734863
29.0,1980.0,1.0,6.800000190734863
29.0,1981.0,0.0,-56.099998474121094
29.0,1982.0,0.0,-56.099998474121094
29.0,1983.0,0.0,-56.099998474121094
29.0,1984.0,0.0,-56.099998474121094
29.0,1985.0,0.0,-133.1999969482422
29.0,1986.0,0.0,-133.1999969482422
29.0,1987.0,0.0,-133.1999969482422
29.0,1988.0,0.0,-133.1999969482422
29.0,1989.0,0.0,-294.70001220703125
29.0,1990.0,0.0,-294.70001220703125
29.0,1991.0,0.0,-294.70001220703125
29.0,1992.0,0.0,-294.70001220703125
29.0,1993.0,1.0,173.60000610351562
29.0,1994.0,1.0,173.60000610351562
29.0,1995.0,1.0,173.60000610351562
29.0,1996.0,1.0,173.60000610351562
29.0,1997.0,1.0,167.39999389648438
29.0,1998.0,1.0,167.39999389648438
29.0,1999.0,1.0,167.39999389648438
29.0,2000.0,1.0,167.39999389648438
29.0,2001.0,1.0,9.100000381469727
29.0,2002.0,1.0,9.100000381469727
29.0,2003.0,1.0,9.100000381469727
29.0,2004.0,1.0,9.100000381469727
29.0,2005.0,0.0,-29.799999237060547
29.0,2006.0,0.0,-29.799999237060547
29.0,2007.0,0.0,-29.799999237060547
29.0,2008.0,0.0,-29.799999237060547
30.0,1979.0,1.0,251.0
30.0,1980.0,1.0,251.0
30.0,1981.0,1.0,107.0
30.0,1982.0,1.0,107.0
30.0,1983.0,1.0,107.0
30.0,1984.0,1.0,107.0
30.0,1985.0,1.0,439.0
30.0,1986.0,1.0,439.0
30.0,1987.0,1.0,439.0
30.0,1988.0,1.0,439.0
30.0,1989.0,0.0,-63.099998474121094
30.0,1990.0,0.0,-63.099998474121094
30.0,1991.0,0.0,-63.099998474121094
30.0,1992.0,0.0,-63.099998474121094
30.0,1993.0,0.0,-27.0
30.0,1994.0,0.0,-27.0
30.0,1995.0,0.0,-27.0
30.0,1996.0,0.0,-27.0
30.0,1997.0,0.0,-583.4000244140625
30.0,1998.0,0.0,-583.4000244140625
30.0,1999.0,0.0,-583.4000244140625
30.0,2000.0,0.0,-583.4000244140625
30.0,2001.0,0.0,-39.0
30.0,2002.0,0.0,-39.0
30.0,2003.0,0.0,-39.0
30.0,2004.0,0.0,-39.0
30.0,2005.0,1.0,44.20000076293945
30.0,2006.0,1.0,44.20000076293945
30.0,2007.0,1.0,44.20000076293945
30.0,2008.0,1.0,44.20000076293945
31.0,1979.0,0.0,-119.0
31.0,1980.0,0.0,-119.0
31.0,1981.0,0.0,-119.0
31.0,1982.0,0.0,-119.0
31.0,1983.0,1.0,13.0
31.0,1984.0,1.0,13.0
31.0,1985.0,1.0,13.0
31.0,1986.0,1.0,13.0
31.0,1987.0,0.0,-59.0
31.0,1988.0,0.0,-59.0
31.0,1989.0,0.0,-59.0
31.0,1990.0,0.0,-59.0
31.0,1991.0,1.0,6.800000190734863
31.0,1992.0,1.0,6.800000190734863
31.0,1993.0,1.0,6.800000190734863
31.0,1994.0,1.0,6.800000190734863
31.0,1995.0,1.0,474.5
31.0,1996.0,1.0,474.5
31.0,1997.0,1.0,474.5
31.0,1998.0,1.0,474.5
31.0,1999.0,0.0,-79.19999694824219
31.0,2000.0,0.0,-79.19999694824219
31.0,2001.0,0.0,-79.19999694824219
31.0,2002.0,0.0,-79.19999694824219
31.0,2003.0,0.0,-411.6000061035156
31.0,2004.0,0.0,-411.6000061035156
31.0,2005.0,0.0,-411.6000061035156
31.0,2006.0,0.0,-411.6000061035156
31.0,2007.0,0.0,-489.3999938964844
31.0,2008.0,0.0,-489.3999938964844
32.0,1979.0,0.0,-167.0
32.0,1980.0,0.0,-167.0
32.0,1981.0,0.0,-167.0
32.0,1982.0,0.0,-167.0
32.0,1983.0,1.0,116.0
32.0,1984.0,1.0,116.0
32.0,1985.0,1.0,116.0
32.0,1986.0,1.0,116.0
32.0,1987.0,1.0,469.0
32.0,1988.0,1.0,469.0
32.0,1989.0,1.0,469.0
32.0,1990.0,1.0,469.0
32.0,1991.0,1.0,349.5
32.0,1992.0,1.0,349.5
32.0,1993.0,1.0,349.5
32.0,1994.0,1.0,349.5
32.0,1995.0,1.0,113.5999984741211
32.0,1996.0,1.0,113.5999984741211
32.0,1997.0,1.0,113.5999984741211
32.0,1998.0,1.0,113.5999984741211
32.0,1999.0,0.0,-95.9000015258789
32.0,2000.0,0.0,-95.9000015258789
32.0,2001.0,0.0,-95.9000015258789
32.0,2002.0,0.0,-95.9000015258789
32.0,2003.0,0.0,-462.29998779296875
32.0,2004.0,0.0,-462.29998779296875
32.0,2005.0,0.0,-462.29998779296875
32.0,2006.0,0.0,-462.29998779296875
32.0,2007.0,0.0,-40.099998474121094
32.0,2008.0,0.0,-40.099998474121094
33.0,1979.0,1.0,39.0
33.0,1980.0,1.0,39.0
33.0,1981.0,1.0,183.0
33.0,1982.0,1.0,183.0
33.0,1983.0,0.0,-46.0
33.0,1984.0,0.0,-46.0
33.0,1985.0,0.0,-337.0
33.0,1986.0,0.0,-337.0
33.0,1987.0,0.0,-74.0
33.0,1988.0,0.0,-74.0
33.0,1989.0,0.0,-213.0
33.0,1990.0,0.0,-213.0
33.0,1991.0,0.0,-258.0
33.0,1992.0,0.0,-258.0
33.0,1993.0,0.0,-160.6999969482422
33.0,1994.0,0.0,-160.6999969482422
33.0,1995.0,0.0,-444.3999938964844
33.0,1996.0,0.0,-444.3999938964844
33.0,1997.0,1.0,176.8000030517578
33.0,1998.0,1.0,176.8000030517578
33.0,1999.0,1.0,352.0
33.0,2000.0,1.0,352.0
33.0,2001.0,1.0,49.79999923706055
33.0,2002.0,1.0,49.79999923706055
33.0,2003.0,0.0,-204.10000610351562
33.0,2004.0,0.0,-204.10000610351562
33.0,2005.0,1.0,21.5
33.0,2006.0,1.0,21.5
33.0,2007.0,1.0,481.79998779296875
33.0,2008.0,1.0,481.79998779296875
34.0,1979.0,1.0,139.0
34.0,1980.0,1.0,139.0
34.0,1981.0,1.0,139.0
34.0,1982.0,0.0,0.0
34.0,1983.0,0.0,0.0
34.0,1984.0,0.0,0.0
34.0,1985.0,0.0,0.0
34.0,1986.0,0.0,-402.6000061035156
34.0,1987.0,0.0,-402.6000061035156
34.0,1988.0,0.0,-402.6000061035156
34.0,1989.0,0.0,-402.6000061035156
34.0,1990.0,1.0,240.1999969482422
34.0,1991.0,1.0,240.1999969482422
34.0,1992.0,1.0,240.1999969482422
34.0,1993.0,1.0,240.1999969482422
34.0,1994.0,0.0,-10.5
34.0,1995.0,0.0,-10.5
34.0,1996.0,0.0,-10.5
34.0,1997.0,0.0,-10.5
34.0,1998.0,0.0,-10.5
34.0,1999.0,0.0,-10.5
34.0,2000.0,0.0,-10.5
34.0,2001.0,0.0,-10.5
34.0,2002.0,1.0,147.5
34.0,2003.0,1.0,147.5
34.0,2004.0,1.0,147.5
34.0,2005.0,1.0,147.5
34.0,2006.0,1.0,104.5
34.0,2007.0,1.0,104.5
34.0,2008.0,1.0,104.5
35.0,1979.0,1.0,10.0
35.0,1980.0,1.0,10.0
35.0,1981.0,1.0,10.0
35.0,1982.0,1.0,10.0
35.0,1983.0,1.0,59.400001525878906
35.0,1984.0,1.0,59.400001525878906
35.0,1985.0,1.0,59.400001525878906
35.0,1986.0,1.0,59.400001525878906
35.0,1987.0,0.0,-61.0
35.0,1988.0,0.0,-61.0
35.0,1989.0,0.0,-61.0
35.0,1990.0,0.0,-61.0
35.0,1991.0,1.0,94.5999984741211
35.0,1992.0,1.0,94.5999984741211
35.0,1993.0,1.0,94.5999984741211
35.0,1994.0,1.0,94.5999984741211
35.0,1995.0,0.0,-98.9000015258789
35.0,1996.0,0.0,-98.9000015258789
35.0,1997.0,0.0,-98.9000015258789
35.0,1998.0,0.0,-98.9000015258789
35.0,1999.0,0.0,-90.5999984741211
35.0,2000.0,0.0,-90.5999984741211
35.0,2001.0,0.0,-90.5999984741211
35.0,2002.0,0.0,-90.5999984741211
35.0,2003.0,1.0,164.3000030517578
35.0,2004.0,1.0,164.3000030517578
35.0,2005.0,1.0,164.3000030517578
35.0,2006.0,1.0,164.3000030517578
35.0,2007.0,1.0,376.3999938964844
35.0,2008.0,1.0,376.3999938964844
36.0,1979.0,1.0,82.0
36.0,1980.0,1.0,82.0
36.0,1981.0,1.0,82.0
36.0,1982.0,1.0,82.0
36.0,1983.0,1.0,59.0
36.0,1984.0,1.0,59.0
36.0,1985.0,1.0,59.0
36.0,1986.0,1.0,59.0
36.0,1987.0,1.0,322.0
36.0,1988.0,1.0,322.0
36.0,1989.0,1.0,322.0
36.0,1990.0,1.0,322.0
36.0,1991.0,1.0,318.20001220703125
36.0,1992.0,1.0,318.20001220703125
36.0,1993.0,1.0,318.20001220703125
36.0,1994.0,1.0,318.20001220703125
36.0,1995.0,0.0,-33.400001525878906
36.0,1996.0,0.0,-33.400001525878906
36.0,1997.0,0.0,-33.400001525878906
36.0,1998.0,0.0,-33.400001525878906
36.0,1999.0,0.0,-211.60000610351562
36.0,2000.0,0.0,-211.60000610351562
36.0,2001.0,0.0,-211.60000610351562
36.0,2002.0,0.0,-211.60000610351562
36.0,2003.0,0.0,-159.0
36.0,2004.0,0.0,-159.0
36.0,2005.0,0.0,-159.0
36.0,2006.0,0.0,-159.0
36.0,2007.0,1.0,408.3999938964844
36.0,2008.0,1.0,408.3999938964844
37.0,1979.0,1.0,310.0
37.0,1980.0,1.0,310.0
37.0,1981.0,1.0,244.0
37.0,1982.0,1.0,244.0
37.0,1983.0,1.0,244.0
37.0,1984.0,1.0,244.0
37.0,1985.0,0.0,-88.69999694824219
37.0,1986.0,0.0,-88.69999694824219
37.0,1987.0,0.0,-88.69999694824219
37.0,1988.0,0.0,-88.69999694824219
37.0,1989.0,0.0,-101.19999694824219
37.0,1990.0,0.0,-101.19999694824219
37.0,1991.0,0.0,-101.19999694824219
37.0,1992.0,0.0,-101.19999694824219
37.0,1993.0,1.0,94.9000015258789
37.0,1994.0,1.0,94.9000015258789
37.0,1995.0,1.0,94.9000015258789
37.0,1996.0,1.0,94.9000015258789
37.0,1997.0,1.0,132.3000030517578
37.0,1998.0,1.0,132.3000030517578
37.0,1999.0,1.0,132.3000030517578
37.0,2000.0,1.0,132.3000030517578
37.0,2001.0,1.0,57.599998474121094
37.0,2002.0,1.0,57.599998474121094
37.0,2003.0,1.0,57.599998474121094
37.0,2004.0,1.0,57.599998474121094
37.0,2005.0,1.0,127.4000015258789
37.0,2006.0,1.0,127.4000015258789
37.0,2007.0,1.0,127.4000015258789
37.0,2008.0,1.0,127.4000015258789
38.0,1979.0,1.0,50.0
38.0,1980.0,1.0,50.0
38.0,1981.0,0.0,-72.0
38.0,1982.0,0.0,-72.0
38.0,1983.0,0.0,-72.0
38.0,1984.0,0.0,-72.0
38.0,1985.0,1.0,106.0
38.0,1986.0,1.0,106.0
38.0,1987.0,1.0,106.0
38.0,1988.0,1.0,106.0
38.0,1989.0,1.0,198.0
38.0,1990.0,1.0,198.0
38.0,1991.0,1.0,198.0
38.0,1992.0,1.0,198.0
38.0,1993.0,0.0,-173.5
38.0,1994.0,0.0,-173.5
38.0,1995.0,0.0,-173.5
38.0,1996.0,0.0,-173.5
38.0,1997.0,0.0,-323.79998779296875
38.0,1998.0,0.0,-323.79998779296875
38.0,1999.0,0.0,-323.79998779296875
38.0,2000.0,0.0,-323.79998779296875
38.0,2001.0,0.0,-100.5999984741211
38.0,2002.0,0.0,-100.5999984741211
38.0,2003.0,0.0,-100.5999984741211
38.0,2004.0,0.0,-100.5999984741211
38.0,2005.0,0.0,-438.70001220703125
38.0,2006.0,0.0,-438.70001220703125
38.0,2007.0,0.0,-438.70001220703125
38.0,2008.0,0.0,-438.70001220703125
39.0,1979.0,0.0,-16.0
39.0,1980.0,0.0,-16.0
39.0,1981.0,0.0,-16.0
39.0,1982.0,0.0,-16.0
39.0,1983.0,1.0,202.0
39.0,1984.0,1.0,202.0
39.0,1985.0,1.0,202.0
39.0,1986.0,1.0,202.0
39.0,1987.0,1.0,212.0
39.0,1988.0,1.0,212.0
39.0,1989.0,1.0,212.0
39.0,1990.0,1.0,212.0
39.0,1991.0,0.0,-114.5999984741211
39.0,1992.0,0.0,-114.5999984741211
39.0,1993.0,0.0,-114.5999984741211
39.0,1994.0,0.0,-114.5999984741211
39.0,1995.0,0.0,-467.8999938964844
39.0,1996.0,0.0,-467.8999938964844
39.0,1997.0,0.0,-467.8999938964844
39.0,1998.0,0.0,-467.8999938964844
39.0,1999.0,0.0,-53.599998474121094
39.0,2000.0,0.0,-53.599998474121094
39.0,2001.0,0.0,-53.599998474121094
39.0,2002.0,0.0,-53.599998474121094
39.0,2003.0,0.0,-194.5
39.0,2004.0,0.0,-194.5
39.0,2005.0,0.0,-194.5
39.0,2006.0,0.0,-194.5
39.0,2007.0,1.0,238.89999389648438
39.0,2008.0,1.0,238.89999389648438
40.0,1979.0,1.0,45.0
40.0,1980.0,1.0,45.0
40.0,1981.0,1.0,45.0
40.0,1982.0,1.0,45.0
40.0,1983.0,1.0,244.0
40.0,1984.0,1.0,244.0
40.0,1985.0,1.0,244.0
40.0,1986.0,1.0,244.0
40.0,1987.0,0.0,-28.0
40.0,1988.0,0.0,-28.0
40.0,1989.0,0.0,-28.0
40.0,1990.0,0.0,-28.0
40.0,1991.0,1.0,247.60000610351562
40.0,1992.0,1.0,247.60000610351562
40.0,1993.0,1.0,247.60000610351562
40.0,1994.0,1.0,247.60000610351562
40.0,1995.0,0.0,-172.6999969482422
40.0,1996.0,0.0,-172.6999969482422
40.0,1997.0,0.0,-172.6999969482422
40.0,1998.0,0.0,-172.6999969482422
40.0,1999.0,0.0,-169.3000030517578
40.0,2000.0,0.0,-169.3000030517578
40.0,2001.0,0.0,-169.3000030517578
40.0,2002.0,0.0,-169.3000030517578
40.0,2003.0,1.0,6.599999904632568
40.0,2004.0,1.0,6.599999904632568
40.0,2005.0,1.0,6.599999904632568
40.0,2006.0,1.0,6.599999904632568
40.0,2007.0,1.0,330.0
40.0,2008.0,1.0,330.0
41.0,1979.0,0.0,-97.0
41.0,1980.0,0.0,-97.0
41.0,1981.0,0.0,-97.0
41.0,1982.0,0.0,-97.0
41.0,1983.0,0.0,-254.0
41.0,1984.0,0.0,-254.0
41.0,1985.0,0.0,-254.0
41.0,1986.0,0.0,-254.0
41.0,1987.0,1.0,40.0
41.0,1988.0,1.0,40.0
41.0,1989.0,1.0,40.0
41.0,1990.0,1.0,40.0
41.0,1991.0,1.0,57.599998474121094
41.0,1992.0,1.0,57.599998474121094
41.0,1993.0,1.0,57.599998474121094
41.0,1994.0,1.0,57.599998474121094
41.0,1995.0,1.0,85.4000015258789
41.0,1996.0,1.0,85.4000015258789
41.0,1997.0,1.0,85.4000015258789
41.0,1998.0,1.0,85.4000015258789
41.0,1999.0,1.0,344.1000061035156
41.0,2000.0,1.0,344.1000061035156
41.0,2001.0,1.0,344.1000061035156
41.0,2002.0,1.0,344.1000061035156
41.0,2003.0,1.0,28.700000762939453
41.0,2004.0,1.0,28.700000762939453
41.0,2005.0,1.0,28.700000762939453
41.0,2006.0,1.0,28.700000762939453
41.0,2007.0,1.0,79.80000305175781
41.0,2008.0,1.0,79.80000305175781
42.0,1979.0,0.0,-61.0
42.0,1980.0,0.0,-61.0
42.0,1981.0,0.0,-61.0
42.0,1982.0,0.0,-61.0
42.0,1983.0,0.0,-27.0
42.0,1984.0,0.0,-27.0
42.0,1985.0,0.0,-27.0
42.0,1986.0,0.0,-27.0
42.0,1987.0,1.0,23.399999618530273
42.0,1988.0,1.0,23.399999618530273
42.0,1989.0,1.0,23.399999618530273
42.0,1990.0,1.0,23.399999618530273
42.0,1991.0,1.0,353.0
42.0,1992.0,1.0,353.0
42.0,1993.0,1.0,353.0
42.0,1994.0,1.0,353.0
42.0,1995.0,0.0,-55.099998474121094
42.0,1996.0,0.0,-55.099998474121094
42.0,1997.0,0.0,-55.099998474121094
42.0,1998.0,0.0,-55.099998474121094
42.0,1999.0,0.0,-263.8999938964844
42.0,2000.0,0.0,-263.8999938964844
42.0,2001.0,0.0,-263.8999938964844
42.0,2002.0,0.0,-263.8999938964844
42.0,2003.0,1.0,90.4000015258789
42.0,2004.0,1.0,90.4000015258789
42.0,2005.0,1.0,90.4000015258789
42.0,2006.0,1.0,90.4000015258789
42.0,2007.0,1.0,207.10000610351562
42.0,2008.0,1.0,207.10000610351562
44.0,1979.0,1.0,320.0
44.0,1980.0,1.0,320.0
44.0,1981.0,1.0,474.0
44.0,1982.0,1.0,474.0
44.0,1983.0,1.0,497.0
44.0,1984.0,1.0,497.0
44.0,1985.0,0.0,-200.0
44.0,1986.0,0.0,-200.0
44.0,1987.0,0.0,-323.0
44.0,1988.0,0.0,-323.0
44.0,1989.0,0.0,-16.0
44.0,1990.0,0.0,-16.0
44.0,1991.0,1.0,483.0
44.0,1992.0,1.0,483.0
44.0,1993.0,1.0,282.5
44.0,1994.0,1.0,282.5
44.0,1995.0,0.0,-38.29999923706055
44.0,1996.0,0.0,-38.29999923706055
44.0,1997.0,0.0,-38.29999923706055
44.0,1998.0,0.0,-38.29999923706055
44.0,1999.0,0.0,-88.4000015258789
44.0,2000.0,0.0,-88.4000015258789
44.0,2001.0,0.0,-88.4000015258789
44.0,2002.0,0.0,-88.4000015258789
44.0,2003.0,0.0,-95.19999694824219
44.0,2004.0,0.0,-95.19999694824219
44.0,2005.0,0.0,-95.19999694824219
44.0,2006.0,0.0,-95.19999694824219
44.0,2007.0,0.0,-20.200000762939453
44.0,2008.0,0.0,-20.200000762939453
45.0,1979.0,1.0,236.60000610351562
45.0,1980.0,1.0,236.60000610351562
45.0,1981.0,1.0,236.60000610351562
45.0,1982.0,1.0,236.60000610351562
45.0,1983.0,1.0,395.8999938964844
45.0,1984.0,1.0,395.8999938964844
45.0,1985.0,1.0,395.8999938964844
45.0,1986.0,1.0,395.8999938964844
45.0,1987.0,0.0,-30.799999237060547
45.0,1988.0,0.0,-30.799999237060547
45.0,1989.0,0.0,-30.799999237060547
45.0,1990.0,0.0,-30.799999237060547
45.0,1991.0,0.0,-416.29998779296875
45.0,1992.0,0.0,-416.29998779296875
45.0,1993.0,0.0,-416.29998779296875
45.0,1994.0,0.0,-416.29998779296875
45.0,1995.0,0.0,-25.399999618530273
45.0,1996.0,0.0,-25.399999618530273
45.0,1997.0,0.0,-25.399999618530273
45.0,1998.0,0.0,-25.399999618530273
45.0,1999.0,1.0,80.19999694824219
45.0,2000.0,1.0,80.19999694824219
45.0,2001.0,1.0,80.19999694824219
45.0,2002.0,1.0,80.19999694824219
45.0,2003.0,0.0,-58.0
45.0,2004.0,0.0,-58.0
45.0,2005.0,0.0,-58.0
45.0,2006.0,0.0,-58.0
45.0,2007.0,0.0,-103.30000305175781
45.0,2008.0,0.0,-103.30000305175781
46.0,1979.0,0.0,-132.0
46.0,1980.0,0.0,-132.0
46.0,1981.0,0.0,-132.0
46.0,1982.0,0.0,-132.0
46.0,1983.0,0.0,-417.3999938964844
46.0,1984.0,0.0,-417.3999938964844
46.0,1985.0,0.0,-417.3999938964844
46.0,1986.0,0.0,-417.3999938964844
46.0,1987.0,0.0,-36.20000076293945
46.0,1988.0,0.0,-36.20000076293945
46.0,1989.0,0.0,-36.20000076293945
46.0,1990.0,0.0,-36.20000076293945
46.0,1991.0,0.0,-178.0
46.0,1992.0,0.0,-178.0
46.0,1993.0,0.0,-178.0
46.0,1994.0,0.0,-178.0
46.0,1995.0,0.0,-148.39999389648438
46.0,1996.0,0.0,-148.39999389648438
46.0,1997.0,0.0,-148.39999389648438
46.0,1998.0,0.0,-148.39999389648438
46.0,1999.0,0.0,-311.8999938964844
46.0,2000.0,0.0,-311.8999938964844
46.0,2001.0,0.0,-311.8999938964844
46.0,2002.0,0.0,-311.8999938964844
46.0,2003.0,0.0,-148.5
46.0,2004.0,0.0,-148.5
46.0,2005.0,0.0,-148.5
46.0,2006.0,0.0,-148.5
46.0,2007.0,0.0,-255.60000610351562
46.0,2008.0,0.0,-255.60000610351562
47.0,1979.0,0.0,-116.80000305175781
47.0,1980.0,0.0,-116.80000305175781
47.0,1981.0,0.0,-116.80000305175781
47.0,1982.0,0.0,-116.80000305175781
47.0,1983.0,0.0,-194.39999389648438
47.0,1984.0,0.0,-194.39999389648438
47.0,1985.0,0.0,-194.39999389648438
47.0,1986.0,0.0,-194.39999389648438
47.0,1987.0,1.0,85.19999694824219
47.0,1988.0,1.0,85.19999694824219
47.0,1989.0,1.0,85.19999694824219
47.0,1990.0,1.0,85.19999694824219
47.0,1991.0,1.0,242.1999969482422
47.0,1992.0,1.0,242.1999969482422
47.0,1993.0,1.0,242.1999969482422
47.0,1994.0,1.0,242.1999969482422
47.0,1995.0,0.0,-96.0
47.0,1996.0,0.0,-96.0
47.0,1997.0,0.0,-96.0
47.0,1998.0,0.0,-96.0
47.0,1999.0,0.0,-391.5
47.0,2000.0,0.0,-391.5
47.0,2001.0,0.0,-391.5
47.0,2002.0,0.0,-391.5
47.0,2003.0,1.0,30.600000381469727
47.0,2004.0,1.0,30.600000381469727
47.0,2005.0,1.0,30.600000381469727
47.0,2006.0,1.0,30.600000381469727
47.0,2007.0,1.0,388.6000061035156
47.0,2008.0,1.0,388.6000061035156
48.0,1979.0,0.0,-7.0
48.0,1980.0,0.0,-7.0
48.0,1981.0,0.0,-7.0
48.0,1982.0,0.0,-7.0
48.0,1983.0,1.0,72.0
48.0,1984.0,1.0,72.0
48.0,1985.0,1.0,72.0
48.0,1986.0,1.0,72.0
48.0,1987.0,0.0,-67.0
48.0,1988.0,0.0,-67.0
48.0,1989.0,0.0,-67.0
48.0,1990.0,0.0,-67.0
48.0,1991.0,1.0,25.5
48.0,1992.0,1.0,25.5
48.0,1993.0,1.0,25.5
48.0,1994.0,1.0,25.5
48.0,1995.0,0.0,-76.0
48.0,1996.0,0.0,-76.0
48.0,1997.0,0.0,-76.0
48.0,1998.0,0.0,-76.0
48.0,1999.0,0.0,-370.6000061035156
48.0,2000.0,0.0,-370.6000061035156
48.0,2001.0,0.0,-370.6000061035156
48.0,2002.0,0.0,-370.6000061035156
48.0,2003.0,0.0,-178.5
48.0,2004.0,0.0,-178.5
48.0,2005.0,0.0,-178.5
48.0,2006.0,0.0,-178.5
48.0,2007.0,0.0,-92.4000015258789
48.0,2008.0,0.0,-92.4000015258789
49.0,1979.0,1.0,60.0
49.0,1980.0,1.0,60.0
49.0,1981.0,1.0,107.30000305175781
49.0,1982.0,1.0,107.30000305175781
49.0,1983.0,1.0,107.30000305175781
49.0,1984.0,1.0,107.30000305175781
49.0,1985.0,0.0,-120.9000015258789
49.0,1986.0,0.0,-120.9000015258789
49.0,1987.0,0.0,-120.9000015258789
49.0,1988.0,0.0,-120.9000015258789
49.0,1989.0,0.0,-17.200000762939453
49.0,1990.0,0.0,-17.200000762939453
49.0,1991.0,0.0,-17.200000762939453
49.0,1992.0,0.0,-17.200000762939453
49.0,1993.0,0.0,-86.5999984741211
49.0,1994.0,0.0,-86.5999984741211
49.0,1995.0,0.0,-86.5999984741211
49.0,1996.0,0.0,-86.5999984741211
49.0,1997.0,0.0,-516.5999755859375
49.0,1998.0,0.0,-516.5999755859375
49.0,1999.0,0.0,-516.5999755859375
49.0,2000.0,0.0,-516.5999755859375
49.0,2001.0,0.0,-135.0
49.0,2002.0,0.0,-135.0
49.0,2003.0,0.0,-135.0
49.0,2004.0,0.0,-135.0
49.0,2005.0,0.0,-163.89999389648438
49.0,2006.0,0.0,-163.89999389648438
49.0,2007.0,0.0,-163.89999389648438
49.0,2008.0,0.0,-163.89999389648438
50.0,1979.0,0.0,-286.0
50.0,1980.0,0.0,-286.0
50.0,1981.0,0.0,-221.0
50.0,1982.0,0.0,-221.0
50.0,1983.0,0.0,-110.0
50.0,1984.0,0.0,-110.0
50.0,1985.0,1.0,15.0
50.0,1986.0,1.0,15.0
50.0,1987.0,1.0,88.0
50.0,1988.0,1.0,88.0
50.0,1989.0,1.0,121.0
50.0,1990.0,1.0,121.0
50.0,1991.0,0.0,-57.79999923706055
50.0,1992.0,1.0,1000.0
50.0,1993.0,1.0,516.9000244140625
50.0,1994.0,1.0,516.9000244140625
50.0,1995.0,1.0,496.8999938964844
50.0,1996.0,1.0,496.8999938964844
50.0,1997.0,1.0,480.6000061035156
50.0,1998.0,1.0,480.6000061035156
50.0,1999.0,1.0,145.3000030517578
50.0,2000.0,1.0,145.3000030517578
50.0,2001.0,1.0,125.0
50.0,2002.0,1.0,125.0
50.0,2003.0,0.0,-25.5
50.0,2004.0,0.0,-25.5
50.0,2005.0,0.0,-207.6999969482422
50.0,2006.0,0.0,-207.6999969482422
50.0,2007.0,0.0,-152.10000610351562
50.0,2008.0,0.0,-152.10000610351562
51.0,1979.0,0.0,-126.0
51.0,1980.0,0.0,-126.0
51.0,1981.0,0.0,-126.0
51.0,1982.0,1.0,71.0
51.0,1983.0,1.0,71.0
51.0,1984.0,1.0,71.0
51.0,1985.0,1.0,71.0
51.0,1986.0,1.0,104.0
51.0,1987.0,1.0,104.0
51.0,1988.0,1.0,104.0
51.0,1989.0,1.0,104.0
51.0,1990.0,1.0,3.9000000953674316
51.0,1991.0,1.0,3.9000000953674316
51.0,1992.0,1.0,3.9000000953674316
51.0,1993.0,1.0,3.9000000953674316
51.0,1994.0,0.0,-173.8000030517578
51.0,1995.0,0.0,-173.8000030517578
51.0,1996.0,0.0,-173.8000030517578
51.0,1997.0,0.0,-173.8000030517578
51.0,1998.0,0.0,-132.5
51.0,1999.0,0.0,-132.5
51.0,2000.0,0.0,-132.5
51.0,2001.0,0.0,-132.5
51.0,2002.0,1.0,51.29999923706055
51.0,2003.0,1.0,51.29999923706055
51.0,2004.0,1.0,51.29999923706055
51.0,2005.0,1.0,51.29999923706055
51.0,2006.0,1.0,57.29999923706055
51.0,2007.0,1.0,57.29999923706055
51.0,2008.0,1.0,57.29999923706055
53.0,1979.0,1.0,85.19999694824219
53.0,1980.0,1.0,85.19999694824219
53.0,1981.0,0.0,-134.0
53.0,1982.0,0.0,-134.0
53.0,1983.0,0.0,-134.0
53.0,1984.0,0.0,-134.0
53.0,1985.0,1.0,66.19999694824219
53.0,1986.0,1.0,66.19999694824219
53.0,1987.0,1.0,66.19999694824219
53.0,1988.0,1.0,66.19999694824219
53.0,1989.0,1.0,244.1999969482422
53.0,1990.0,1.0,244.1999969482422
53.0,1991.0,1.0,244.1999969482422
53.0,1992.0,1.0,244.1999969482422
53.0,1993.0,1.0,43.20000076293945
53.0,1994.0,1.0,43.20000076293945
53.0,1995.0,1.0,43.20000076293945
53.0,1996.0,1.0,43.20000076293945
53.0,1997.0,1.0,159.1999969482422
53.0,1998.0,1.0,159.1999969482422
53.0,1999.0,1.0,159.1999969482422
53.0,2000.0,1.0,159.1999969482422
53.0,2001.0,1.0,187.0
53.0,2002.0,1.0,187.0
53.0,2003.0,1.0,187.0
53.0,2004.0,1.0,187.0
53.0,2005.0,1.0,0.0
53.0,2006.0,1.0,0.0
53.0,2007.0,1.0,0.0
53.0,2008.0,1.0,0.0
54.0,1979.0,1.0,323.0
54.0,1980.0,1.0,323.0
54.0,1981.0,1.0,87.0999984741211
54.0,1982.0,1.0,87.0999984741211
54.0,1983.0,1.0,87.0999984741211
54.0,1984.0,1.0,87.0999984741211
54.0,1985.0,0.0,-65.0
54.0,1986.0,0.0,-65.0
54.0,1987.0,0.0,-65.0
54.0,1988.0,0.0,-65.0
54.0,1989.0,1.0,178.0
54.0,1990.0,1.0,178.0
54.0,1991.0,1.0,178.0
54.0,1992.0,1.0,178.0
54.0,1993.0,1.0,210.1999969482422
54.0,1994.0,1.0,210.1999969482422
54.0,1995.0,1.0,210.1999969482422
54.0,1996.0,1.0,210.1999969482422
54.0,1997.0,0.0,-58.29999923706055
54.0,1998.0,0.0,-58.29999923706055
54.0,1999.0,0.0,-58.29999923706055
54.0,2000.0,0.0,-58.29999923706055
54.0,2001.0,1.0,29.100000381469727
54.0,2002.0,1.0,29.100000381469727
54.0,2003.0,1.0,29.100000381469727
54.0,2004.0,1.0,29.100000381469727
54.0,2005.0,1.0,295.1000061035156
54.0,2006.0,1.0,295.1000061035156
54.0,2007.0,1.0,295.1000061035156
54.0,2008.0,1.0,295.1000061035156
55.0,1979.0,0.0,-94.0
55.0,1980.0,0.0,-94.0
55.0,1981.0,0.0,-94.0
55.0,1982.0,0.0,-94.0
55.0,1983.0,1.0,148.0
55.0,1984.0,1.0,148.0
55.0,1985.0,1.0,148.0
55.0,1986.0,1.0,148.0
55.0,1987.0,0.0,-65.0
55.0,1988.0,0.0,-65.0
55.0,1989.0,0.0,-65.0
55.0,1990.0,0.0,-65.0
55.0,1991.0,0.0,-163.8000030517578
55.0,1992.0,0.0,-163.8000030517578
55.0,1993.0,0.0,-163.8000030517578
55.0,1994.0,0.0,-163.8000030517578
55.0,1995.0,0.0,-363.5
55.0,1996.0,0.0,-363.5
55.0,1997.0,0.0,-363.5
55.0,1998.0,0.0,-363.5
55.0,1999.0,0.0,-209.60000610351562
55.0,2000.0,0.0,-209.60000610351562
55.0,2001.0,0.0,-209.60000610351562
55.0,2002.0,0.0,-209.60000610351562
55.0,2003.0,1.0,37.0
55.0,2004.0,1.0,37.0
55.0,2005.0,1.0,37.0
55.0,2006.0,1.0,37.0
55.0,2007.0,1.0,73.9000015258789
55.0,2008.0,1.0,73.9000015258789
56.0,1979.0,1.0,17.0
56.0,1980.0,1.0,17.0
56.0,1981.0,1.0,17.0
56.0,1982.0,1.0,17.0
56.0,1983.0,1.0,262.79998779296875
56.0,1984.0,1.0,262.79998779296875
56.0,1985.0,1.0,262.79998779296875
56.0,1986.0,1.0,262.79998779296875
56.0,1987.0,1.0,79.19999694824219
56.0,1988.0,1.0,79.19999694824219
56.0,1989.0,1.0,79.19999694824219
56.0,1990.0,1.0,79.19999694824219
56.0,1991.0,1.0,307.0
56.0,1992.0,1.0,307.0
56.0,1993.0,1.0,307.0
56.0,1994.0,1.0,307.0
56.0,1995.0,0.0,-185.5
56.0,1996.0,0.0,-185.5
56.0,1997.0,0.0,-185.5
56.0,1998.0,0.0,-185.5
56.0,1999.0,0.0,-151.39999389648438
56.0,2000.0,0.0,-151.39999389648438
56.0,2001.0,0.0,-151.39999389648438
56.0,2002.0,0.0,-151.39999389648438
56.0,2003.0,1.0,20.399999618530273
56.0,2004.0,1.0,20.399999618530273
56.0,2005.0,1.0,20.399999618530273
56.0,2006.0,1.0,20.399999618530273
56.0,2007.0,1.0,399.20001220703125
56.0,2008.0,1.0,399.20001220703125
